,0
0,daniel.mendoza@example.com
1,linda.reid@example.com
2,mary.goodwin@example.com
3,rebecca.perry@example.com
4,terry.nguyen@example.com
5,jesse.green@example.com
6,douglas.lopez@example.com
7,rebecca.williams@example.com
8,robert.foster@example.com
9,brian.phillips@example.com
10,kayla.joseph@example.com
11,cynthia.morales@example.com
12,robert.barrett@example.com
13,tyler.rodriguez@example.com
14,vanessa.bray@example.com
15,kristin.baker@example.com
16,robert.johnson@example.com
17,william.mcgrath@example.com
18,paul.gonzalez@example.com
19,kathryn.wilson@example.com
20,tamara.ingram@example.com
21,michelle.martinez@example.com
22,james.campbell@example.com
23,alexis.williams@example.com
24,erin.leonard@example.com
25,thomas.dunn@example.com
26,allison.russell@example.com
27,valerie.chapman@example.com
28,justin.smith@example.com
29,andrew.bailey@example.com
30,jill.garcia@example.com
31,nicole.salazar@example.com
32,justin.stephens@example.com
33,ashley.ayala@example.com
34,rebecca.eaton@example.com
35,michele.bowers@example.com
36,frederick.rodgers@example.com
37,alexandra.anderson@example.com
38,sara.robertson@example.com
39,paul.hernandez@example.com
40,lisa.suarez@example.com
41,tara.baker@example.com
42,robert.pearson@example.com
43,maria.villanueva@example.com
44,heather.burns@example.com
45,pamela.serrano@example.com
46,daniel.long@example.com
47,cathy.curtis@example.com
48,alexander.lee@example.com
49,cassie.brown@example.com
50,chloe.jones@example.com
51,jeffrey.suarez@example.com
52,scott.barrett@example.com
53,scott.sandoval@example.com
54,stanley.morales@example.com
55,jeffrey.kelly@example.com
56,jessica.warren@example.com
57,thomas.pierce@example.com
58,lauren.clark@example.com
59,james.young@example.com
60,diana.lyons@example.com
61,timothy.snyder@example.com
62,mrs..erika.hughes.md@example.com
63,adam.cuevas@example.com
64,travis.ross@example.com
65,amanda.davis@example.com
66,diane.rodriguez@example.com
67,tammy.ortega@example.com
68,lisa.richardson@example.com
69,ryan.mccarty@example.com
70,jason.campos@example.com
71,danielle.west@example.com
72,leah.thompson@example.com
73,stephen.chang@example.com
74,sabrina.dalton.dds@example.com
75,david.wright@example.com
76,martha.schultz@example.com
77,christopher.phillips@example.com
78,samantha.rose@example.com
79,nathan.fisher@example.com
80,hannah.phillips@example.com
81,mark.smith@example.com
82,virginia.lopez@example.com
83,jenny.delacruz@example.com
84,angel.wilson@example.com
85,barbara.chang@example.com
86,amy.miller@example.com
87,jordan.dunn@example.com
88,matthew.clark@example.com
89,cheyenne.graham@example.com
90,robert.davidson@example.com
91,elizabeth.lewis@example.com
92,christopher.edwards@example.com
93,laurie.johnson@example.com
94,todd.phillips@example.com
95,jacqueline.flynn@example.com
96,joshua.lopez@example.com
97,jennifer.powell@example.com
98,ariel.fuentes@example.com
99,anthony.wood@example.com
100,anne.romero@example.com
101,ashlee.rose@example.com
102,brandy.bridges@example.com
103,william.curry@example.com
104,timothy.tyler@example.com
105,gg@gmail.com
106,jerome.cohen@example.com
107,eric.wheeler@example.com
108,hannah.shields.dvm@example.com
109,patrick.zamora@example.com
110,michael.hamilton@example.com
111,aaron.cobb@example.com
112,tamara.perry@example.com
113,anna.carlson@example.com
114,matthew.conley@example.com
115,tiffany.ellis@example.com
116,kayla.frank.dvm@example.com
117,jessica.wilson@example.com
118,joshua.torres@example.com
119,melinda.carpenter@example.com
120,eric.lewis@example.com
121,mr..michael.johnston@example.com
122,andrea.garcia@example.com
123,rachel.robertson@example.com
124,jill.mcdowell@example.com
125,elizabeth.caldwell@example.com
126,melvin.rivera@example.com
127,matthew.perkins@example.com
128,jason.guzman@example.com
129,brittany.baird@example.com
130,jacob.brandt@example.com
131,keith.williams@example.com
132,douglas.williams@example.com
133,john.hernandez@example.com
134,charles.atkinson@example.com
135,keith.collier@example.com
136,jennifer.erickson@example.com
137,peter.ware@example.com
138,david.huynh@example.com
139,janet.campos@example.com
140,thomas.miller@example.com
141,wesley.stewart@example.com
142,ann.sloan.dds@example.com
143,kelly.ellis@example.com
144,joshua.schroeder@example.com
145,carolyn.allen@example.com
146,raymond.johnson@example.com
147,matthew.gordon@example.com
148,brenda.higgins@example.com
149,suzanne.davis.md@example.com
150,heather.hurley@example.com
151,angela.knapp@example.com
152,andrea.hernandez@example.com
153,ryan.campbell@example.com
154,carrie.stone@example.com
155,martin.daniels@example.com
156,timothy.rios@example.com
157,john.edwards@example.com
158,brian.faulkner@example.com
159,keith.frank@example.com
160,brian.williams@example.com
161,barbara.li@example.com
162,rachel.keller@example.com
163,tammy.zimmerman@example.com
164,mr..jeremy.miles@example.com
165,jeffrey.bass@example.com
166,david.rose@example.com
167,stephanie.morgan@example.com
168,carolyn.may@example.com
169,april.lopez@example.com
170,gail.gonzalez@example.com
171,dustin.brooks@example.com
172,katherine.miller@example.com
173,heidi.sanders@example.com
174,shannon.thompson@example.com
175,brian.mayer@example.com
176,tiffany.stevens@example.com
177,holly.manning@example.com
178,sierra.mack@example.com
179,jack.gray@example.com
180,sarah.morris@example.com
181,thomas.floyd@example.com
182,cindy.moore@example.com
183,james.hill@example.com
184,jerry.griffith@example.com
185,nathan.chung@example.com
186,janet.leach@example.com
187,david.holt@example.com
188,carolyn.garcia@example.com
189,david.griffin@example.com
190,riley.flores@example.com
191,ms..cynthia.saunders.dvm@example.com
192,robin.wilkins@example.com
193,benjamin.brown@example.com
194,shelly.weaver@example.com
195,sean.reynolds@example.com
196,erin.carter@example.com
197,dr..lori.brown.dds@example.com
198,danielle.mcbride@example.com
199,lisa.powell@example.com
200,christine.davis@example.com
201,margaret.smith@example.com
202,jessica.brooks@example.com
203,jennifer.johnson@example.com
204,christian.davis@example.com
205,stacy.davis@example.com
206,cynthia.shaw@example.com
207,anthony.smith@example.com
208,joseph.tucker@example.com
209,alyssa.lopez@example.com
210,albert.morris@example.com
211,jill.edwards@example.com
212,deborah.cameron@example.com
213,lawrence.williams@example.com
214,frederick.conrad@example.com
215,miss.stacey.cook.dds@example.com
216,brian.mullins@example.com
217,maurice.brown@example.com
218,ashley.williams@example.com
219,brian.davis@example.com
220,whitney.kaiser@example.com
221,scott.stout@example.com
222,matthew.watson@example.com
223,matthew.gonzalez@example.com
224,chase.simpson@example.com
225,jeffery.hancock@example.com
226,david.wilson@example.com
227,joseph.wright@example.com
228,david.spence@example.com
229,christopher.mcdonald@example.com
230,tina.martinez@example.com
231,sydney.zimmerman@example.com
232,rebecca.ramsey@example.com
233,mike.roberts@example.com
234,brian.barker@example.com
235,theresa.caldwell@example.com
236,joseph.fry@example.com
237,thomas.campos@example.com
238,ryan.smith@example.com
239,jessica.sanders@example.com
240,kimberly.wilson@example.com
241,jennifer.ramos@example.com
242,jordan.boone@example.com
243,gary.burton@example.com
244,brian.hart@example.com
245,david.smith@example.com
246,heather.bradley@example.com
247,benjamin.taylor@example.com
248,jon.williams@example.com
249,tammy.hunt@example.com
250,wendy.franco@example.com
251,erica.ball@example.com
252,mary.smith@example.com
253,elizabeth.richardson@example.com
254,elaine.fernandez@example.com
255,kristina.thomas@example.com
256,david.lawrence@example.com
257,eric.peters@example.com
258,hayley.barrera@example.com
259,natalie.beck@example.com
260,april.meyers@example.com
261,debra.olsen@example.com
262,susan.williams@example.com
263,william.park@example.com
264,robert.ortega@example.com
265,adam.wang@example.com
266,carla.tran@example.com
267,lisa.knight@example.com
268,toni.smith@example.com
269,susan.briggs@example.com
270,marcus.green@example.com
271,terry.macdonald@example.com
272,christopher.stephens@example.com
273,sharon.farmer@example.com
274,daniel.watson@example.com
275,susan.ramirez.md@example.com
276,courtney.ward@example.com
277,michelle.johnson@example.com
278,karen.williams@example.com
279,matthew.alvarez@example.com
280,frank.hansen@example.com
281,caitlin.kim@example.com
282,lisa.booth@example.com
283,mary.johnson@example.com
284,joseph.washington@example.com
285,tanya.kaufman@example.com
286,mr..jack.lopez.phd@example.com
287,james.gonzalez@example.com
288,edward.johnson@example.com
289,kyle.travis@example.com
290,marc.roberson@example.com
291,jermaine.hamilton@example.com
292,benjamin.guzman@example.com
293,alex.patel@example.com
294,ethan.mendez@example.com
295,derek.george@example.com
296,kaylee.castillo@example.com
297,michele.gregory@example.com
298,dan.robinson@example.com
299,mrs..heather.lambert@example.com
300,william.ruiz@example.com
301,david.raymond@example.com
302,roger.johnson@example.com
303,jason.gibbs@example.com
304,james.carter@example.com
305,tracy.collins@example.com
306,maria.hudson@example.com
307,jorge.wade@example.com
308,pamela.wright@example.com
309,andrea.hall@example.com
310,emily.jones@example.com
311,jenny.fisher@example.com
312,jonathan.mason@example.com
313,andrea.fields@example.com
314,stephanie.campbell@example.com
315,daniel.gaines@example.com
316,todd.watts@example.com
317,karen.berry@example.com
318,gabriel.meyer@example.com
319,bethany.quinn@example.com
320,james.vega@example.com
321,alexander.carter@example.com
322,lisa.douglas@example.com
323,nathan.bishop@example.com
324,brenda.jacobson@example.com
325,nicholas.smith@example.com
326,julie.cox@example.com
327,adam.parsons@example.com
328,andrea.joseph@example.com
329,tammy.meza@example.com
330,gloria.wells@example.com
331,james.carrillo@example.com
332,trevor.flores@example.com
333,mitchell.hartman@example.com
334,jason.ponce@example.com
335,mary.farrell@example.com
336,jessica.proctor@example.com
337,kristine.berry@example.com
338,christine.bush@example.com
339,leah.peterson@example.com
340,lindsay.david@example.com
341,louis.rodriguez@example.com
342,catherine.hernandez@example.com
343,priscilla.richardson@example.com
344,elizabeth.summers@example.com
345,christopher.morris@example.com
346,michele.kirk@example.com
347,scott.palmer@example.com
348,karen.watkins@example.com
349,maria.harrell@example.com
350,joseph.morales@example.com
351,kelly.wall@example.com
352,danielle.young@example.com
353,vanessa.hunt@example.com
354,cynthia.ellison@example.com
355,erika.taylor@example.com
356,vincent.hernandez@example.com
357,matthew.henry@example.com
358,anna.lozano@example.com
359,darrell.morgan@example.com
360,jack.mills@example.com
361,matthew.adkins@example.com
362,george.jackson@example.com
363,anthony.snyder@example.com
364,jason.ross@example.com
365,jonathan.henderson@example.com
366,tammy.smith@example.com
367,bobby.scott@example.com
368,cody.adams@example.com
369,stacey.hernandez@example.com
370,jennifer.carr@example.com
371,nicholas.ortega@example.com
372,randy.vasquez.md@example.com
373,anthony.hampton@example.com
374,james.weiss@example.com
375,andrea.arroyo@example.com
376,john.martinez@example.com
377,jason.collins@example.com
378,daniel.king@example.com
379,megan.banks@example.com
380,bradley.olson@example.com
381,christopher.mack@example.com
382,christopher.velez@example.com
383,travis.chapman@example.com
384,gregory.hopkins@example.com
385,victor.hubbard@example.com
386,marilyn.kelly@example.com
387,eugene.harris@example.com
388,shannon.garcia@example.com
389,kendra.woods@example.com
390,joshua.hunt@example.com
391,jessica.simon@example.com
392,eric.martin@example.com
393,patricia.nguyen@example.com
394,tracy.mejia@example.com
395,rachel.adams@example.com
396,tim.butler@example.com
397,brian.martin@example.com
398,alison.davis@example.com
399,ellen.smith@example.com
400,melissa.grant@example.com
401,courtney.lopez@example.com
402,angela.hall@example.com
403,vanessa.mooney@example.com
404,michelle.ortiz@example.com
405,raymond.singh@example.com
406,tara.moore@example.com
407,julie.ford@example.com
408,debra.cook@example.com
409,karen.greene@example.com
410,sharon.flynn@example.com
411,carol.mcclain@example.com
412,tiffany.downs@example.com
413,debra.smith@example.com
414,jerry.jackson@example.com
415,christopher.brown@example.com
416,tyler.ferguson@example.com
417,michael.ortega@example.com
418,alexis.torres@example.com
419,jennifer.wiley@example.com
420,ralph.cooke@example.com
421,annette.gomez@example.com
422,dawn.harris@example.com
423,david.long@example.com
424,meredith.meadows@example.com
425,jordan.farley@example.com
426,erik.moore@example.com
427,chloe.white@example.com
428,cheryl.garner@example.com
429,james.singh@example.com
430,alison.horn@example.com
431,pamela.hernandez@example.com
432,kimberly.rivers@example.com
433,shannon.smith@example.com
434,abigail.kidd@example.com
435,ashley.campbell@example.com
436,megan.french@example.com
437,virginia.kerr@example.com
438,jason.blake@example.com
439,diane.thomas@example.com
440,todd.martinez@example.com
441,jason.adams@example.com
442,taylor.holland@example.com
443,beverly.shaw@example.com
444,adam.castro@example.com
445,jeffrey.harris@example.com
446,marcia.barton@example.com
447,katherine.williams@example.com
448,william.love@example.com
449,erika.ford@example.com
450,sean.anderson@example.com
451,patricia.meyer@example.com
452,sherry.parker@example.com
453,eric.kennedy@example.com
454,wendy.walls@example.com
455,joshua.roberts@example.com
456,annette.williams@example.com
457,raymond.anderson@example.com
458,brent.schwartz@example.com
459,robin.francis@example.com
460,james.simmons@example.com
461,jeffery.wade@example.com
462,jose.ingram@example.com
463,henry.hicks@example.com
464,brittney.weber@example.com
465,charles.cole@example.com
466,erin.smith@example.com
467,craig.armstrong.dds@example.com
468,robert.logan@example.com
469,samuel.ingram@example.com
470,leslie.ramos@example.com
471,dr..jason.castillo.md@example.com
472,bryan.brown@example.com
473,tommy.tran@example.com
474,kelly.huynh@example.com
475,james.thompson@example.com
476,daniel.harris@example.com
477,ann.rivera@example.com
478,ashley.smith@example.com
479,steven.kim.ii@example.com
480,antonio.larson@example.com
481,jillian.wright@example.com
482,frank.foster@example.com
483,monica.nelson@example.com
484,dr..jonathan.davis@example.com
485,cassandra.garcia@example.com
486,joshua.johnston@example.com
487,melissa.reed@example.com
488,courtney.leon@example.com
489,megan.taylor@example.com
490,christine.blanchard@example.com
491,erin.lane@example.com
492,cynthia.boyd@example.com
493,christina.foley@example.com
494,dominique.mcneil@example.com
495,cathy.schwartz@example.com
496,david.gilmore@example.com
497,mr..dennis.cordova@example.com
498,michele.thompson@example.com
499,james.henderson@example.com
500,mrs..brandy.craig@example.com
501,ryan.dunn@example.com
502,mrs..christine.rodriguez@example.com
503,allison.coleman@example.com
504,adrian.case@example.com
505,teresa.owen@example.com
506,christopher.wilson@example.com
507,christina.figueroa@example.com
508,jeremy.wilson@example.com
509,stephen.johnson@example.com
510,frank.hernandez@example.com
511,mark.reed@example.com
512,justin.gomez@example.com
513,julia.hensley@example.com
514,mr..joshua.hebert.jr.@example.com
515,diana.richards@example.com
516,stephanie.wilson@example.com
517,melanie.mccann@example.com
518,crystal.adams@example.com
519,ryan.jones@example.com
520,aaron.mcdaniel@example.com
521,nancy.franklin@example.com
522,andrea.atkins@example.com
523,susan.soto@example.com
524,jody.simpson@example.com
525,samuel.scott@example.com
526,travis.johnston@example.com
527,richard.holmes@example.com
528,ryan.lang@example.com
529,rodney.allen@example.com
530,stephanie.wright@example.com
531,jared.hernandez@example.com
532,amanda.rocha@example.com
533,nathaniel.olson@example.com
534,alex.graham@example.com
535,james.mahoney@example.com
536,lonnie.stevens@example.com
537,kathleen.paul@example.com
538,cynthia.washington@example.com
539,william.collins@example.com
540,sean.mcdaniel@example.com
541,ashley.pace@example.com
542,willie.kennedy@example.com
543,andrew.goodman@example.com
544,nancy.rios@example.com
545,michael.gomez@example.com
546,mrs..alison.clark.dds@example.com
547,christian.hernandez@example.com
548,jeffrey.baker@example.com
549,angela.wells@example.com
550,kelly.sandoval@example.com
551,amanda.williams@example.com
552,joyce.simon@example.com
553,dana.floyd@example.com
554,julie.green@example.com
555,stanley.nguyen@example.com
556,timothy.lee@example.com
557,tracy.parsons@example.com
558,robert.jones@example.com
559,chad.murray@example.com
560,james.rivera@example.com
561,meghan.freeman@example.com
562,kelsey.willis@example.com
563,vickie.martin@example.com
564,erica.chan@example.com
565,jasmine.williams.md@example.com
566,susan.cole@example.com
567,kayla.morales@example.com
568,andrea.mcdonald@example.com
569,kathy.graves@example.com
570,edward.white@example.com
571,michelle.tran@example.com
572,robert.clark@example.com
573,alan.chambers@example.com
574,elizabeth.webb@example.com
575,maria.humphrey@example.com
576,steven.zimmerman@example.com
577,natalie.lara@example.com
578,todd.hall@example.com
579,albert.simpson@example.com
580,jacob.watson@example.com
581,shelly.turner@example.com
582,christopher.anderson@example.com
583,leslie.hopkins@example.com
584,erin.harding@example.com
585,levi.weber@example.com
586,leslie.harris@example.com
587,linda.king@example.com
588,paul.odom@example.com
589,james.russell@example.com
590,allison.matthews@example.com
591,kathleen.bradford@example.com
592,mary.green@example.com
593,martha.mathews@example.com
594,michelle.ross@example.com
595,jessica.brown@example.com
596,hannah.burgess@example.com
597,heather.johnson@example.com
598,crystal.miller@example.com
599,cynthia.ferguson@example.com
600,john.garcia@example.com
601,david.washington@example.com
602,john.vega@example.com
603,rebecca.nichols@example.com
604,joy.arnold@example.com
605,elaine.kennedy@example.com
606,eileen.garcia@example.com
607,amanda.oneal@example.com
608,anne.mcgee@example.com
609,bruce.soto@example.com
610,dawn.garcia@example.com
611,michelle.goodman@example.com
612,joseph.johnson@example.com
613,shannon.herrera@example.com
614,caitlin.mcgee@example.com
615,kathryn.morales@example.com
616,justin.moran@example.com
617,brittney.mcdaniel@example.com
618,brandon.owens@example.com
619,mr..bryan.smith.phd@example.com
620,roger.harrison@example.com
621,joseph.perry@example.com
622,amanda.welch@example.com
623,thomas.perry@example.com
624,kathryn.strickland@example.com
625,michael.bell@example.com
626,jennifer.stewart@example.com
627,christine.wood@example.com
628,stephen.williams@example.com
629,jasmine.gibbs@example.com
630,joseph.williams@example.com
631,sarah.prince@example.com
632,haley.hudson@example.com
633,tyler.richardson@example.com
634,andrew.martin@example.com
635,melissa.gray@example.com
636,heather.conrad@example.com
637,alexis.colon@example.com
638,julie.mckenzie@example.com
639,karen.ramirez@example.com
640,daniel.jordan@example.com
641,jeremy.day@example.com
642,william.smith@example.com
643,jennifer.mueller@example.com
644,stacy.santos@example.com
645,lori.sanchez@example.com
646,melissa.hernandez@example.com
647,stephen.castro@example.com
648,jorge.baker@example.com
649,brooke.lynch@example.com
650,kristin.barton@example.com
651,rebecca.donovan@example.com
652,justin.lee@example.com
653,sophia.smith@example.com
654,michael.poole@example.com
655,patty.alexander@example.com
656,michael.blair@example.com
657,daniel.ortiz@example.com
658,kimberly.rodriguez.dds@example.com
659,megan.burke@example.com
660,dr..crystal.powell@example.com
661,jennifer.reid@example.com
662,morgan.fuller@example.com
663,matthew.mathews@example.com
664,andrew.long@example.com
665,kevin.williams@example.com
666,janet.davis@example.com
667,michele.harvey@example.com
668,andrew.clark@example.com
669,cynthia.waters@example.com
670,michael.jones@example.com
671,jason.bowen@example.com
672,eric.hayes@example.com
673,diana.case@example.com
674,sara.robinson@example.com
675,alison.knight@example.com
676,kathleen.wilson@example.com
677,kathleen.parrish@example.com
678,sierra.keller@example.com
679,robert.owen@example.com
680,matthew.thomas@example.com
681,katherine.jones@example.com
682,allen.evans@example.com
683,melissa.gregory@example.com
684,robin.hernandez@example.com
685,danny.gonzales@example.com
686,randy.williams@example.com
687,nancy.lewis@example.com
688,dr..tiffany.gonzales@example.com
689,michaela.robles@example.com
690,steven.thompson@example.com
691,jesse.small@example.com
692,gregory.mcdowell@example.com
693,jordan.green@example.com
694,jonathan.stevens@example.com
695,richard.schwartz@example.com
696,cesar.franklin@example.com
697,james.scott@example.com
698,stacey.monroe@example.com
699,jesse.harmon@example.com
700,scott.young@example.com
701,michael.miranda@example.com
702,dana.bowen@example.com
703,erica.gould@example.com
704,ronald.nash@example.com
705,lisa.figueroa.dds@example.com
706,john.cabrera@example.com
707,cassandra.little@example.com
708,valerie.knight@example.com
709,kevin.walker@example.com
710,tyler.wilkins@example.com
711,nicholas.conway@example.com
712,julia.campbell@example.com
713,raymond.robles@example.com
714,carolyn.wilson@example.com
715,katelyn.nicholson@example.com
716,dustin.harper@example.com
717,donald.fisher@example.com
718,jordan.pacheco@example.com
719,jamie.hodges@example.com
720,madison.powers@example.com
721,sheila.carter@example.com
722,ashley.berry@example.com
723,brittany.roth.dds@example.com
724,kendra.dominguez@example.com
725,alexis.brooks@example.com
726,elizabeth.ellis@example.com
727,michael.cross@example.com
728,nathan.sanchez@example.com
729,kelly.williams@example.com
730,charles.pierce@example.com
731,john.morgan@example.com
732,jonathan.barnes@example.com
733,scott.keller@example.com
734,margaret.pace@example.com
735,jessica.james@example.com
736,michelle.lewis@example.com
737,roger.jones@example.com
738,daniel.strong@example.com
739,james.daniel@example.com
740,jesse.ali@example.com
741,dr..gregory.livingston@example.com
742,kirsten.tucker@example.com
743,michael.rodriguez@example.com
744,sean.evans@example.com
745,lisa.gray@example.com
746,victoria.brady@example.com
747,cory.freeman@example.com
748,ernest.scott@example.com
749,dorothy.lewis@example.com
750,alexandra.maldonado@example.com
751,stephen.fritz@example.com
752,christina.ritter@example.com
753,carol.miller@example.com
754,courtney.brown@example.com
755,christopher.oneal@example.com
756,caroline.ramirez@example.com
757,anne.clark@example.com
758,janet.payne@example.com
759,robert.davis@example.com
760,tony.hines@example.com
761,andrew.floyd@example.com
762,rebecca.henderson@example.com
763,andrew.sullivan@example.com
764,miguel.santos@example.com
765,michael.wright@example.com
766,casey.hall@example.com
767,ryan.francis@example.com
768,jason.wong@example.com
769,stephanie.hunt@example.com
770,brittany.sanchez@example.com
771,jacob.patterson@example.com
772,stephanie.webster@example.com
773,dorothy.daniel@example.com
774,wesley.brown@example.com
775,robert.smith@example.com
776,shannon.gibbs@example.com
777,alexandra.howard@example.com
778,judy.wilson@example.com
779,erica.rogers@example.com
780,pam.guerrero@example.com
781,christopher.martin@example.com
782,elizabeth.day@example.com
783,sharon.hogan@example.com
784,ruth.anderson@example.com
785,karl.williams@example.com
786,timothy.meadows@example.com
787,robert.shields@example.com
788,leonard.phillips@example.com
789,evan.ward@example.com
790,james.mcbride@example.com
791,chelsea.greer@example.com
792,patricia.martin@example.com
793,thomas.french@example.com
794,amy.castro@example.com
795,david.hall@example.com
796,kayla.west@example.com
797,melanie.miller@example.com
798,david.hansen@example.com
799,sandra.johnson@example.com
800,michelle.robinson@example.com
801,dr..danielle.french@example.com
802,cynthia.bryant@example.com
803,philip.martin@example.com
804,erin.jones@example.com
805,sarah.conley@example.com
806,paula.fields@example.com
807,melissa.parker@example.com
808,james.smith@example.com
809,brian.hoover@example.com
810,leslie.keith@example.com
811,michael.rojas@example.com
812,amanda.taylor@example.com
813,john.jones@example.com
814,lisa.petersen@example.com
815,matthew.brown@example.com
816,barbara.ruiz@example.com
817,sandra.smith@example.com
818,nathan.hudson@example.com
819,benjamin.pacheco@example.com
820,john.irwin@example.com
821,james.drake@example.com
822,kristen.lopez@example.com
823,alicia.thomas@example.com
824,kathryn.murphy@example.com
825,deborah.lewis@example.com
826,pamela.mccormick@example.com
827,michael.gonzalez@example.com
828,john.krueger@example.com
829,mr..robert.fleming@example.com
830,ann.mcdonald@example.com
831,alec.daniel@example.com
832,clarence.young@example.com
833,cynthia.harris@example.com
834,richard.zamora@example.com
835,jose.jennings@example.com
836,timothy.romero@example.com
837,karen.cantu@example.com
838,edward.powell@example.com
839,rachel.bond@example.com
840,jason.meadows@example.com
841,lisa.lang@example.com
842,chad.parker@example.com
843,mallory.curry@example.com
844,april.day@example.com
845,david.stone@example.com
846,denise.carpenter@example.com
847,kyle.morrow@example.com
848,derrick.richardson@example.com
849,juan.gardner@example.com
850,geoffrey.martinez@example.com
851,rebecca.jones@example.com
852,deborah.moss@example.com
853,nicholas.johnson@example.com
854,rebecca.brown@example.com
855,lisa.lopez@example.com
856,anna.maldonado.md@example.com
857,andrew.hahn@example.com
858,john.lucero@example.com
859,mary.kelley@example.com
860,justin.banks@example.com
861,arthur.roberson@example.com
862,kimberly.burnett@example.com
863,vanessa.jordan@example.com
864,jeffrey.smith@example.com
865,jennifer.edwards@example.com
866,melanie.garcia@example.com
867,cassidy.young@example.com
868,jennifer.turner@example.com
869,john.foley@example.com
870,gregory.fitzpatrick@example.com
871,beth.harris@example.com
872,nicole.aguilar@example.com
873,frank.harvey@example.com
874,martin.becker@example.com
875,jessica.rogers@example.com
876,jesse.malone@example.com
877,james.benitez.jr.@example.com
878,andrea.clark@example.com
879,craig.bennett@example.com
880,sherry.murphy@example.com
881,john.estrada@example.com
882,natasha.mcpherson@example.com
883,kevin.reyes@example.com
884,dr..jacqueline.salazar@example.com
885,alex.velez@example.com
886,dustin.williams@example.com
887,cynthia.figueroa@example.com
888,jeffrey.diaz@example.com
889,michael.hurley@example.com
890,kevin.mcdonald@example.com
891,amanda.lee@example.com
892,deanna.harrison@example.com
893,morgan.collins@example.com
894,billy.mclean@example.com
895,jacob.chapman@example.com
896,anne.baker@example.com
897,sabrina.david@example.com
898,christine.parks@example.com
899,renee.allison@example.com
900,daniel.simpson@example.com
901,michelle.leonard@example.com
902,janet.smith@example.com
903,tyler.johnson@example.com
904,christine.johnson@example.com
905,elizabeth.williams.dds@example.com
906,kendra.diaz@example.com
907,nathan.patterson@example.com
908,andrew.jenkins@example.com
909,heather.wright@example.com
910,michael.johnson@example.com
911,sara.moran@example.com
912,mark.matthews@example.com
913,gregory.lynn@example.com
914,danielle.ramos@example.com
915,ashley.patterson@example.com
916,kyle.green@example.com
917,betty.berg@example.com
918,daniel.hester@example.com
919,robert.payne@example.com
920,david.byrd@example.com
921,amber.parker@example.com
922,james.miller@example.com
923,holly.rogers@example.com
924,michele.foster@example.com
925,christina.delacruz@example.com
926,douglas.cook@example.com
927,james.robertson@example.com
928,james.lara@example.com
929,tara.cohen@example.com
930,nancy.reynolds@example.com
931,justin.bass@example.com
932,joseph.rowland@example.com
933,melissa.flores@example.com
934,ryan.morgan@example.com
935,johnny.savage@example.com
936,adam.stevens@example.com
937,alicia.franklin@example.com
938,jesus.orozco@example.com
939,shannon.allen@example.com
940,joseph.frank@example.com
941,troy.navarro@example.com
942,john.williams@example.com
943,jennifer.roberts@example.com
944,andrew.hale@example.com
945,andrea.sellers@example.com
946,natalie.brown@example.com
947,daniel.williams@example.com
948,douglas.horton@example.com
949,kristen.mckay@example.com
950,emma.sullivan@example.com
951,ian.hughes@example.com
952,melissa.smith@example.com
953,carla.mcknight@example.com
954,david.aguirre@example.com
955,deanna.martin@example.com
956,ryan.sanders@example.com
957,rebekah.tucker@example.com
958,thomas.jordan@example.com
959,jeffrey.white@example.com
960,summer.powell@example.com
961,alexander.robles@example.com
962,kristin.lopez@example.com
963,danielle.martinez@example.com
964,amy.johnson@example.com
965,christina.christian@example.com
966,rebecca.wolf@example.com
967,ryan.mcbride@example.com
968,jamie.thompson@example.com
969,lydia.anderson@example.com
970,jamie.jones@example.com
971,sheila.white@example.com
972,bryan.miller@example.com
973,christine.rodriguez@example.com
974,timothy.andrews@example.com
975,amanda.williamson@example.com
976,raymond.gregory@example.com
977,rhonda.cameron@example.com
978,suzanne.sheppard@example.com
979,john.clark@example.com
980,raymond.crawford@example.com
981,lynn.lopez@example.com
982,william.greene@example.com
983,gary.bennett@example.com
984,mary.webster@example.com
985,dana.sims@example.com
986,jennifer.gutierrez@example.com
987,brian.harris@example.com
988,margaret.brown@example.com
989,angela.bright@example.com
990,jimmy.stephenson@example.com
991,tamara.walker@example.com
992,robert.chang@example.com
993,jordan.howe@example.com
994,beth.mercer@example.com
995,sandra.mercer@example.com
996,frank.moody@example.com
997,john.larson@example.com
998,karen.taylor@example.com
999,mr..benjamin.jimenez.dds@example.com
1000,wayne.guzman@example.com
1001,roger.woods@example.com
1002,danielle.brown@example.com
1003,emily.turner.phd@example.com
1004,joshua.gomez@example.com
1005,cheryl.robinson@example.com
1006,brittany.hall@example.com
1007,george.harris@example.com
1008,jennifer.harris@example.com
1009,mrs..kim.smith@example.com
1010,curtis.smith@example.com
1011,jessica.foster@example.com
1012,mr..sean.adams@example.com
1013,diamond.adams@example.com
1014,richard.moses@example.com
1015,elizabeth.crawford@example.com
1016,lucas.armstrong@example.com
1017,stephen.bailey@example.com
1018,christopher.williams@example.com
1019,matthew.martin@example.com
1020,ariel.harris@example.com
1021,robert.walker@example.com
1022,michael.miller@example.com
1023,glenn.holmes@example.com
1024,nicholas.adams@example.com
1025,adam.brown@example.com
1026,gabriel.jones@example.com
1027,tonya.tate@example.com
1028,paul.walker@example.com
1029,nicole.nicholson@example.com
1030,jennifer.carlson@example.com
1031,ashley.allen@example.com
1032,kara.oneal@example.com
1033,kristi.kim@example.com
1034,michael.holland@example.com
1035,ashley.adkins@example.com
1036,debbie.whitaker@example.com
1037,shelby.stewart@example.com
1038,sara.rodriguez@example.com
1039,brandi.stanley@example.com
1040,nicole.brown@example.com
1041,joan.webb.dvm@example.com
1042,jill.allison@example.com
1043,cristina.munoz@example.com
1044,veronica.carr@example.com
1045,ashley.mitchell@example.com
1046,natalie.bray@example.com
1047,mary.sanford@example.com
1048,frank.washington@example.com
1049,donald.franklin@example.com
1050,timothy.jordan@example.com
1051,james.fisher@example.com
1052,john.dixon@example.com
1053,john.harrison@example.com
1054,daniel.mcdaniel@example.com
1055,corey.griffin@example.com
1056,christopher.lin@example.com
1057,christine.martin@example.com
1058,robert.carter@example.com
1059,stephanie.smith@example.com
1060,patricia.tran@example.com
1061,scott.brown@example.com
1062,kathryn.johnson@example.com
1063,jennifer.mcneil@example.com
1064,abigail.guerra@example.com
1065,raymond.chambers@example.com
1066,jesus.ross@example.com
1067,pamela.yang@example.com
1068,anthony.flores@example.com
1069,jerry.obrien@example.com
1070,danielle.flores@example.com
1071,elizabeth.mendoza@example.com
1072,nicholas.mora@example.com
1073,hayley.cummings@example.com
1074,mary.wheeler@example.com
1075,jeffrey.ryan@example.com
1076,suzanne.reeves@example.com
1077,jennifer.garcia@example.com
1078,lawrence.schultz@example.com
1079,cynthia.wilson@example.com
1080,ashlee.foster@example.com
1081,david.weiss@example.com
1082,richard.morgan@example.com
1083,lori.tran@example.com
1084,mark.bates@example.com
1085,stephanie.trujillo@example.com
1086,philip.tucker@example.com
1087,katherine.fletcher@example.com
1088,shawn.warren@example.com
1089,jesse.cox@example.com
1090,kyle.obrien@example.com
1091,sylvia.armstrong@example.com
1092,jamie.mcgrath@example.com
1093,rick.norris@example.com
1094,alexandra.robertson@example.com
1095,diane.keller@example.com
1096,chad.wright@example.com
1097,lisa.steele@example.com
1098,tammy.schmidt@example.com
1099,christopher.hayes@example.com
1100,joshua.king@example.com
1101,adam.ayala@example.com
1102,mary.castillo@example.com
1103,rebecca.adams@example.com
1104,jennifer.jenkins@example.com
1105,tammy.mcclure@example.com
1106,wanda.chan@example.com
1107,melissa.goodman.md@example.com
1108,robin.taylor@example.com
1109,alison.gutierrez@example.com
1110,ryan.ramos@example.com
1111,jorge.miles@example.com
1112,jamie.drake@example.com
1113,shawn.hendricks@example.com
1114,natalie.luna@example.com
1115,teresa.bennett@example.com
1116,james.moore@example.com
1117,rachael.willis@example.com
1118,lauren.wright@example.com
1119,alicia.ibarra@example.com
1120,lauren.perez@example.com
1121,kristen.collins@example.com
1122,susan.case@example.com
1123,samantha.hutchinson@example.com
1124,shawna.hanson@example.com
1125,allison.watts@example.com
1126,eric.johnston@example.com
1127,michael.boone@example.com
1128,brad.nelson@example.com
1129,mr..michael.meyer.phd@example.com
1130,jessica.baldwin@example.com
1131,edwin.howard@example.com
1132,deborah.brown@example.com
1133,brandon.anderson@example.com
1134,mark.mahoney@example.com
1135,jessica.long@example.com
1136,kelly.rodriguez@example.com
1137,tina.george@example.com
1138,sophia.leach@example.com
1139,mary.perez@example.com
1140,christopher.ayala@example.com
1141,melissa.robbins@example.com
1142,daniel.lawrence@example.com
1143,frank.sherman@example.com
1144,laurie.davis@example.com
1145,mark.reyes@example.com
1146,vicki.torres@example.com
1147,dawn.vasquez@example.com
1148,dana.murphy@example.com
1149,andrea.stephens@example.com
1150,robert.lawson@example.com
1151,jose.schultz@example.com
1152,samuel.griffin@example.com
1153,kelli.allen@example.com
1154,john.rose@example.com
1155,megan.waller@example.com
1156,kirk.wright@example.com
1157,deanna.cooper@example.com
1158,kimberly.mcguire@example.com
1159,alejandra.gonzalez@example.com
1160,derrick.park@example.com
1161,michael.berry@example.com
1162,roger.gill@example.com
1163,karen.daniels@example.com
1164,cynthia.castillo@example.com
1165,jordan.washington@example.com
1166,herbert.myers@example.com
1167,gregory.pollard@example.com
1168,teresa.mckinney@example.com
1169,david.farley@example.com
1170,omar.perez@example.com
1171,rebecca.ponce@example.com
1172,tasha.walls@example.com
1173,debbie.armstrong@example.com
1174,maria.mcclain@example.com
1175,roger.francis@example.com
1176,ray.brown@example.com
1177,mary.guerrero@example.com
1178,misty.wells@example.com
1179,donna.foster@example.com
1180,john.morris@example.com
1181,gabriel.thomas@example.com
1182,kenneth.boyer@example.com
1183,anne.lee@example.com
1184,scott.harper@example.com
1185,tammy.jimenez@example.com
1186,sheri.marsh@example.com
1187,darren.cook@example.com
1188,justin.hicks@example.com
1189,jill.day@example.com
1190,stephanie.henson@example.com
1191,katelyn.barnes@example.com
1192,ryan.petty@example.com
1193,dominique.moody@example.com
1194,aaron.taylor@example.com
1195,julia.newton@example.com
1196,scott.leonard@example.com
1197,christina.harris@example.com
1198,kelly.hodge@example.com
1199,elaine.terry@example.com
1200,riley.watson@example.com
1201,steven.williams@example.com
1202,jennifer.zimmerman@example.com
1203,shari.wade@example.com
1204,ethan.long@example.com
1205,tara.vasquez@example.com
1206,david.pennington@example.com
1207,stephen.torres@example.com
1208,jamie.johnson@example.com
1209,robert.pena@example.com
1210,william.booker@example.com
1211,mr..nicholas.dillon@example.com
1212,brenda.jennings@example.com
1213,benjamin.tran@example.com
1214,yvonne.kelley@example.com
1215,shawna.christensen@example.com
1216,jessica.sanford@example.com
1217,joshua.calderon@example.com
1218,melissa.floyd@example.com
1219,patricia.bryant@example.com
1220,gregory.park@example.com
1221,amy.wood@example.com
1222,billy.washington@example.com
1223,craig.fitzgerald@example.com
1224,alexandra.ellis@example.com
1225,nicole.watson@example.com
1226,eddie.cole@example.com
1227,amanda.gonzalez@example.com
1228,james.parker@example.com
1229,randy.martinez@example.com
1230,kimberly.carr@example.com
1231,julie.lee@example.com
1232,michelle.price@example.com
1233,lauren.briggs@example.com
1234,nicole.wood@example.com
1235,rachel.white@example.com
1236,gregory.strong@example.com
1237,erica.fisher@example.com
1238,sarah.johnson@example.com
1239,bruce.nelson@example.com
1240,jeff.adams@example.com
1241,nicole.yoder@example.com
1242,justin.rodriguez@example.com
1243,evelyn.kemp@example.com
1244,ashlee.perez@example.com
1245,susan.smith@example.com
1246,taylor.jones@example.com
1247,mr..jeffrey.nelson@example.com
1248,jennifer.mason@example.com
1249,nathan.morales@example.com
1250,karen.rice@example.com
1251,christopher.wilkins@example.com
1252,tamara.carpenter@example.com
1253,daniel.evans@example.com
1254,paula.elliott@example.com
1255,kathleen.garcia@example.com
1256,harry.garcia@example.com
1257,david.yang@example.com
1258,kelly.sanchez.md@example.com
1259,thomas.cox@example.com
1260,samantha.davis@example.com
1261,wesley.meyers@example.com
1262,joseph.rogers@example.com
1263,brandy.potter@example.com
1264,paul.lynch@example.com
1265,kevin.jackson@example.com
1266,ronald.cooper@example.com
1267,lacey.carter@example.com
1268,jessica.fernandez@example.com
1269,molly.fuller@example.com
1270,cheryl.powell@example.com
1271,shannon.morgan@example.com
1272,kristine.porter@example.com
1273,whitney.short.dds@example.com
1274,james.martinez@example.com
1275,joseph.martinez@example.com
1276,samuel.cannon@example.com
1277,connor.dawson@example.com
1278,taylor.gonzalez@example.com
1279,edward.miller@example.com
1280,michelle.white@example.com
1281,andrew.johnson@example.com
1282,mary.mcneil@example.com
1283,jessica.hall@example.com
1284,david.knox@example.com
1285,sarah.hughes@example.com
1286,dennis.walker@example.com
1287,shannon.martin@example.com
1288,juan.cooley@example.com
1289,william.brown@example.com
1290,michael.beltran@example.com
1291,jennifer.fischer@example.com
1292,linda.salazar@example.com
1293,mary.ho@example.com
1294,susan.duncan@example.com
1295,autumn.rivera@example.com
1296,jamie.newton.dds@example.com
1297,leslie.peterson@example.com
1298,linda.davis@example.com
1299,lauren.gomez@example.com
1300,john.davis@example.com
1301,justin.carson@example.com
1302,kyle.williams@example.com
1303,bonnie.alvarez@example.com
1304,william.mays@example.com
1305,christopher.huffman@example.com
1306,allison.hardin@example.com
1307,justin.thomas@example.com
1308,alexander.davila@example.com
1309,kenneth.kerr@example.com
1310,lauren.lopez@example.com
1311,jonathan.martin@example.com
1312,cynthia.robinson@example.com
1313,kathryn.torres@example.com
1314,erica.johnson@example.com
1315,carlos.walker@example.com
1316,jacob.andrade@example.com
1317,brittany.hanna@example.com
1318,laura.figueroa@example.com
1319,andrew.saunders@example.com
1320,colton.king@example.com
1321,kevin.english@example.com
1322,mary.simpson@example.com
1323,robin.rodriguez@example.com
1324,craig.fisher@example.com
1325,kelly.brown@example.com
1326,robert.everett@example.com
1327,monique.rogers@example.com
1328,kayla.elliott@example.com
1329,diana.tate@example.com
1330,lauren.hernandez@example.com
1331,suzanne.santiago@example.com
1332,manuel.reynolds@example.com
1333,wendy.baxter@example.com
1334,ann.moore@example.com
1335,daniel.clark@example.com
1336,joshua.moore@example.com
1337,jacob.figueroa@example.com
1338,adam.davis@example.com
1339,stephanie.huber@example.com
1340,alexis.smith@example.com
1341,timothy.smith@example.com
1342,kaitlyn.schwartz@example.com
1343,isabella.smith@example.com
1344,krista.moore@example.com
1345,anthony.haynes@example.com
1346,jennifer.lowe@example.com
1347,laura.spears@example.com
1348,leslie.simmons@example.com
1349,steven.stokes@example.com
1350,shannon.jackson@example.com
1351,eric.rice@example.com
1352,edward.perez@example.com
1353,brandy.stanley@example.com
1354,patrick.watson@example.com
1355,jessica.thomas@example.com
1356,amber.oconnor@example.com
1357,kimberly.duncan.dvm@example.com
1358,randy.andrews@example.com
1359,steve.lawrence@example.com
1360,alexis.mercado@example.com
1361,emily.romero@example.com
1362,jamie.jordan@example.com
1363,casey.bradley@example.com
1364,derek.nash@example.com
1365,james.cantrell@example.com
1366,judith.armstrong@example.com
1367,kimberly.patrick@example.com
1368,parker.palmer@example.com
1369,caitlin.fletcher@example.com
1370,grant.guerrero@example.com
1371,pamela.brown@example.com
1372,shawn.lowe@example.com
1373,patty.cantu@example.com
1374,thomas.daugherty@example.com
1375,anna.garcia@example.com
1376,brittany.williamson@example.com
1377,jeffrey.hunter@example.com
1378,carol.nielsen@example.com
1379,cheryl.johnston@example.com
1380,sonya.garcia@example.com
1381,lisa.mcconnell@example.com
1382,dan.crosby@example.com
1383,keith.hernandez@example.com
1384,john.reeves@example.com
1385,scott.harrison@example.com
1386,bill.moore.dds@example.com
1387,mark.chapman@example.com
1388,tracy.beltran@example.com
1389,katherine.richardson@example.com
1390,haley.porter@example.com
1391,mark.armstrong@example.com
1392,shelly.ruiz@example.com
1393,caitlin.huff@example.com
1394,zoe.mcknight@example.com
1395,sandra.reed@example.com
1396,george.arnold@example.com
1397,joyce.watson@example.com
1398,holly.guerrero@example.com
1399,sarah.brown@example.com
1400,robyn.carson@example.com
1401,julie.scott@example.com
1402,judith.lam@example.com
1403,taylor.harrison@example.com
1404,luke.burns@example.com
1405,joseph.weber@example.com
1406,andrew.molina@example.com
1407,mary.ayers@example.com
1408,david.fuller@example.com
1409,michael.stewart@example.com
1410,ashley.rich@example.com
1411,justin.alexander.iii@example.com
1412,adam.thompson@example.com
1413,michelle.flores@example.com
1414,pamela.ford@example.com
1415,zachary.jimenez@example.com
1416,patricia.barajas@example.com
1417,jamie.cobb@example.com
1418,angela.garcia@example.com
1419,natalie.williams@example.com
1420,carmen.bell@example.com
1421,mary.lambert@example.com
1422,mark.harris@example.com
1423,victoria.butler@example.com
1424,charlene.porter@example.com
1425,jon.brown@example.com
1426,janice.charles@example.com
1427,karen.pierce@example.com
1428,tammy.grimes@example.com
1429,maria.fox@example.com
1430,annette.murray@example.com
1431,christopher.villanueva@example.com
1432,maria.reed@example.com
1433,valerie.smith@example.com
1434,allison.marshall@example.com
1435,william.alvarez@example.com
1436,jackson.wheeler@example.com
1437,jennifer.harvey@example.com
1438,james.williams@example.com
1439,justin.bailey@example.com
1440,richard.morales@example.com
1441,margaret.walsh@example.com
1442,kathryn.gutierrez@example.com
1443,brandi.johnson@example.com
1444,jennifer.hayes@example.com
1445,thomas.turner@example.com
1446,pedro.hopkins@example.com
1447,nathan.barrett@example.com
1448,william.young.md@example.com
1449,marie.lee@example.com
1450,holly.young@example.com
1451,sara.vasquez@example.com
1452,richard.manning@example.com
1453,brad.tyler@example.com
1454,nicholas.williams@example.com
1455,christian.evans@example.com
1456,christopher.evans@example.com
1457,jamie.copeland@example.com
1458,jill.parsons@example.com
1459,paul.rojas@example.com
1460,dennis.colon@example.com
1461,audrey.patel@example.com
1462,john.barrett@example.com
1463,amber.wright@example.com
1464,brandi.deleon@example.com
1465,calvin.faulkner@example.com
1466,julie.thomas@example.com
1467,jacqueline.mullen@example.com
1468,matthew.ellis@example.com
1469,peter.daugherty@example.com
1470,linda.berger@example.com
1471,jared.warren@example.com
1472,darius.williams@example.com
1473,stephanie.ruiz@example.com
1474,penny.herman@example.com
1475,bradley.lewis@example.com
1476,deanna.norris@example.com
1477,jordan.cameron@example.com
1478,jeffery.malone@example.com
1479,gerald.moon@example.com
1480,lisa.berry@example.com
1481,william.osborn@example.com
1482,calvin.rodriguez@example.com
1483,carrie.watts@example.com
1484,edward.fowler@example.com
1485,jimmy.kline@example.com
1486,kevin.smith@example.com
1487,katherine.nelson.md@example.com
1488,heather.mcfarland@example.com
1489,stacie.contreras.md@example.com
1490,steven.shannon@example.com
1491,rhonda.gallagher@example.com
1492,brittany.mccoy@example.com
1493,robert.whitaker@example.com
1494,beverly.rios@example.com
1495,erica.ware@example.com
1496,joy.griffith@example.com
1497,kyle.lee@example.com
1498,mary.ortiz@example.com
1499,tonya.johnson@example.com
1500,tammy.newman@example.com
1501,robert.miller@example.com
1502,george.phillips@example.com
1503,matthew.frazier@example.com
1504,jennifer.mckee@example.com
1505,samuel.robinson@example.com
1506,kristen.rivera@example.com
1507,thomas.mills@example.com
1508,michael.taylor@example.com
1509,adrian.wright@example.com
1510,natasha.melendez@example.com
1511,joan.velasquez@example.com
1512,james.rodriguez@example.com
1513,emily.holmes@example.com
1514,maria.nixon@example.com
1515,michael.roberts@example.com
1516,julie.carpenter@example.com
1517,lori.lee@example.com
1518,larry.wagner@example.com
1519,alisha.pennington@example.com
1520,jessica.wong@example.com
1521,steven.carter@example.com
1522,lisa.lee@example.com
1523,kevin.ross@example.com
1524,john.cochran@example.com
1525,maria.wilson@example.com
1526,mr..david.gould@example.com
1527,rebecca.watson@example.com
1528,lisa.vega@example.com
1529,michelle.ray@example.com
1530,norma.chan@example.com
1531,andrew.wiley@example.com
1532,suzanne.holmes@example.com
1533,haley.hall@example.com
1534,alice.lee@example.com
1535,tracey.green@example.com
1536,steven.thomas@example.com
1537,chelsey.rodgers@example.com
1538,jerome.doyle@example.com
1539,jeffrey.holmes@example.com
1540,jessica.rivas@example.com
1541,donna.hanson@example.com
1542,alicia.parker@example.com
1543,charles.pruitt@example.com
1544,christine.pratt@example.com
1545,tara.nichols@example.com
1546,teresa.gordon@example.com
1547,stefanie.snyder@example.com
1548,teresa.manning@example.com
1549,jennifer.estrada@example.com
1550,tiffany.holt@example.com
1551,alan.deleon@example.com
1552,michele.wong@example.com
1553,kelly.gonzales@example.com
1554,lisa.burns@example.com
1555,melissa.bruce@example.com
1556,matthew.sanford@example.com
1557,logan.jefferson@example.com
1558,hannah.montoya@example.com
1559,jordan.kelly@example.com
1560,katrina.rodriguez@example.com
1561,taylor.ellis@example.com
1562,tiffany.smith@example.com
1563,aaron.ball@example.com
1564,laura.reeves@example.com
1565,robyn.ford@example.com
1566,nathan.scott@example.com
1567,melissa.lee@example.com
1568,vicki.grant@example.com
1569,david.baker@example.com
1570,debra.rogers@example.com
1571,james.copeland@example.com
1572,derrick.mcdaniel@example.com
1573,edward.copeland@example.com
1574,breanna.houston@example.com
1575,randall.newton@example.com
1576,shawn.cox@example.com
1577,victoria.trujillo@example.com
1578,james.garcia@example.com
1579,andrew.barnett@example.com
1580,stephanie.morris@example.com
1581,edward.cortez@example.com
1582,david.flores@example.com
1583,michael.johns@example.com
1584,zachary.choi@example.com
1585,javier.gates@example.com
1586,george.dixon@example.com
1587,kara.clark@example.com
1588,patricia.wagner@example.com
1589,katherine.johnson@example.com
1590,tristan.harris@example.com
1591,kristina.wilson@example.com
1592,jonathan.randall@example.com
1593,jose.townsend@example.com
1594,sara.bender@example.com
1595,cheryl.haynes@example.com
1596,elizabeth.davis@example.com
1597,marcus.mason@example.com
1598,jaime.howell@example.com
1599,sarah.ortega@example.com
1600,jerry.allen@example.com
1601,mitchell.rodriguez@example.com
1602,victoria.lucas@example.com
1603,joanna.nelson@example.com
1604,thomas.york@example.com
1605,melissa.case@example.com
1606,carrie.barber@example.com
1607,connie.carlson@example.com
1608,christine.gomez@example.com
1609,penny.richardson@example.com
1610,tina.johnson@example.com
1611,cindy.cordova@example.com
1612,jill.mcintyre@example.com
1613,daniel.martinez@example.com
1614,matthew.lewis@example.com
1615,amy.kemp@example.com
1616,sharon.bailey@example.com
1617,teresa.reed@example.com
1618,gina.steele@example.com
1619,thomas.olsen@example.com
1620,joseph.clark@example.com
1621,connor.riley@example.com
1622,yolanda.gould@example.com
1623,george.cross@example.com
1624,albert.farrell@example.com
1625,emily.porter@example.com
1626,laura.wright@example.com
1627,gregory.houston@example.com
1628,pamela.browning@example.com
1629,laura.collier@example.com
1630,james.vincent@example.com
1631,brian.hardy@example.com
1632,victoria.phillips@example.com
1633,jill.gregory@example.com
1634,pamela.chapman@example.com
1635,brent.smith@example.com
1636,deborah.pierce@example.com
1637,joseph.sullivan@example.com
1638,chad.hoffman@example.com
1639,gregory.turner@example.com
1640,sharon.dunn@example.com
1641,samuel.sexton@example.com
1642,kyle.clark@example.com
1643,ann.luna@example.com
1644,amy.thomas@example.com
1645,antonio.carlson@example.com
1646,cynthia.sellers@example.com
1647,tricia.jordan@example.com
1648,jade.parks@example.com
1649,donald.walker@example.com
1650,sydney.miller@example.com
1651,lori.edwards@example.com
1652,mark.campbell@example.com
1653,susan.anderson@example.com
1654,aaron.long@example.com
1655,logan.conway@example.com
1656,samantha.hester@example.com
1657,robert.williams@example.com
1658,nicole.hunt@example.com
1659,lynn.young@example.com
1660,gabrielle.cardenas@example.com
1661,michael.cuevas@example.com
1662,christopher.hernandez@example.com
1663,benjamin.neal@example.com
1664,adam.nguyen@example.com
1665,kelly.garcia@example.com
1666,ryan.morris@example.com
1667,heather.scott@example.com
1668,william.hampton@example.com
1669,jeffrey.watson@example.com
1670,brett.zhang@example.com
1671,jasmine.mendoza@example.com
1672,ashley.vaughn@example.com
1673,kimberly.garcia@example.com
1674,brian.greene@example.com
1675,tiffany.evans@example.com
1676,robert.guerra@example.com
1677,dustin.caldwell@example.com
1678,haley.knight@example.com
1679,david.nguyen@example.com
1680,linda.nguyen.dvm@example.com
1681,frances.clark@example.com
1682,angela.park.md@example.com
1683,jillian.rice@example.com
1684,victoria.kelley@example.com
1685,alexander.molina@example.com
1686,jeanette.brown@example.com
1687,tamara.miller@example.com
1688,jenna.acevedo@example.com
1689,stephanie.blake@example.com
1690,leslie.mendoza@example.com
1691,shannon.pierce@example.com
1692,sandy.rodriguez@example.com
1693,robert.jenkins@example.com
1694,melissa.mason@example.com
1695,marc.dennis@example.com
1696,steve.riley@example.com
1697,denise.lyons@example.com
1698,donald.davis@example.com
1699,jon.jackson@example.com
1700,gregory.mckee@example.com
1701,christopher.davis@example.com
1702,jeffrey.cooper@example.com
1703,jerry.shannon@example.com
1704,lisa.brown@example.com
1705,lisa.perez@example.com
1706,daniel.fox@example.com
1707,susan.chapman@example.com
1708,eileen.hall@example.com
1709,jorge.wilson@example.com
1710,jason.soto@example.com
1711,christopher.adams@example.com
1712,lisa.lozano@example.com
1713,tanya.davenport@example.com
1714,susan.johnson@example.com
1715,brenda.delacruz@example.com
1716,ashley.garcia@example.com
1717,teresa.cook@example.com
1718,ms..rebecca.phelps@example.com
1719,susan.taylor@example.com
1720,danny.bennett@example.com
1721,christopher.glenn@example.com
1722,katherine.hodges@example.com
1723,clifford.hamilton@example.com
1724,kelsey.shaw.dvm@example.com
1725,sarah.morgan@example.com
1726,terri.ewing@example.com
1727,trevor.lopez@example.com
1728,tiffany.bruce@example.com
1729,corey.cuevas@example.com
1730,james.leon@example.com
1731,cassandra.graves@example.com
1732,emily.dunlap@example.com
1733,thomas.wall@example.com
1734,kathleen.carr@example.com
1735,melissa.castro@example.com
1736,heather.stone@example.com
1737,roger.berry@example.com
1738,jennifer.riley@example.com
1739,cory.floyd@example.com
1740,luis.silva@example.com
1741,emily.diaz@example.com
1742,lisa.robertson@example.com
1743,michael.melendez@example.com
1744,danielle.bell@example.com
1745,audrey.james@example.com
1746,melvin.hicks@example.com
1747,sandra.jackson@example.com
1748,jade.nguyen@example.com
1749,megan.christensen@example.com
1750,francisco.house@example.com
1751,misty.schaefer@example.com
1752,brandon.zimmerman@example.com
1753,jerry.martin.jr.@example.com
1754,cynthia.mitchell@example.com
1755,michael.ball@example.com
1756,rose.mullins@example.com
1757,jason.gonzalez@example.com
1758,keith.silva@example.com
1759,antonio.reed@example.com
1760,dylan.williams@example.com
1761,sharon.white@example.com
1762,elizabeth.dillon@example.com
1763,renee.ortiz@example.com
1764,chris.bruce@example.com
1765,philip.watson@example.com
1766,brian.randall@example.com
1767,laura.meadows@example.com
1768,heather.woods@example.com
1769,roberta.jennings@example.com
1770,brian.walker@example.com
1771,ethan.bonilla@example.com
1772,david.thomas@example.com
1773,gregory.allen@example.com
1774,dalton.palmer@example.com
1775,andres.hodge@example.com
1776,dana.nicholson@example.com
1777,cindy.ball@example.com
1778,nicole.rhodes@example.com
1779,mia.schneider@example.com
1780,bryan.benitez@example.com
1781,shelly.sullivan@example.com
1782,michael.anderson@example.com
1783,tiffany.johnson@example.com
1784,michael.osborn@example.com
1785,lauren.wagner@example.com
1786,courtney.sharp@example.com
1787,jennifer.ashley@example.com
1788,john.sosa@example.com
1789,danny.martinez@example.com
1790,sean.butler@example.com
1791,natalie.garcia@example.com
1792,brittany.thompson@example.com
1793,brittney.scott@example.com
1794,susan.chavez@example.com
1795,sandra.herring@example.com
1796,nicholas.schwartz@example.com
1797,hunter.johnson@example.com
1798,marc.carney@example.com
1799,lisa.fuller@example.com
1800,ann.taylor@example.com
1801,sheri.black@example.com
1802,ricardo.nichols@example.com
1803,wanda.garcia@example.com
1804,jeremy.cunningham@example.com
1805,michelle.watts@example.com
1806,carolyn.schroeder@example.com
1807,erik.carlson@example.com
1808,jennifer.solomon@example.com
1809,henry.walker@example.com
1810,terry.callahan@example.com
1811,dana.duffy@example.com
1812,carla.guerrero@example.com
1813,ryan.lucero@example.com
1814,raymond.nichols@example.com
1815,bryan.le@example.com
1816,alison.brooks@example.com
1817,jacob.sheppard@example.com
1818,tracey.blackburn@example.com
1819,shawna.matthews@example.com
1820,jennifer.greene@example.com
1821,wesley.cohen@example.com
1822,jessica.dillon@example.com
1823,valerie.williams@example.com
1824,samuel.cook@example.com
1825,jennifer.ballard@example.com
1826,colleen.garcia@example.com
1827,brenda.gray@example.com
1828,rebecca.reeves@example.com
1829,sara.young@example.com
1830,barbara.day@example.com
1831,danielle.gardner@example.com
1832,charlene.taylor@example.com
1833,timothy.lynn@example.com
1834,colton.sutton@example.com
1835,kevin.miller@example.com
1836,jennifer.nicholson@example.com
1837,molly.martin@example.com
1838,jeff.wright@example.com
1839,edward.newman@example.com
1840,stephanie.wallace@example.com
1841,amy.jones@example.com
1842,julie.palmer@example.com
1843,sheryl.myers@example.com
1844,william.turner@example.com
1845,kristin.padilla@example.com
1846,eric.cook@example.com
1847,jennifer.braun@example.com
1848,daniel.young@example.com
1849,karla.garcia@example.com
1850,john.allen@example.com
1851,sandra.cross@example.com
1852,beth.dalton@example.com
1853,tamara.wiggins@example.com
1854,ashley.davis@example.com
1855,thomas.murphy@example.com
1856,james.arroyo@example.com
1857,rhonda.calhoun@example.com
1858,joanna.smith@example.com
1859,crystal.kelly@example.com
1860,megan.edwards@example.com
1861,kevin.carter@example.com
1862,michael.carroll@example.com
1863,brittany.parker@example.com
1864,jesse.lewis@example.com
1865,nicole.allison@example.com
1866,robert.rodriguez@example.com
1867,matthew.parker@example.com
1868,lisa.morris@example.com
1869,amy.simmons@example.com
1870,katherine.nelson@example.com
1871,stephen.wright@example.com
1872,shelia.richards@example.com
1873,bryan.murray@example.com
1874,christina.brown@example.com
1875,elizabeth.anderson@example.com
1876,juan.garcia@example.com
1877,kerry.turner@example.com
1878,kelly.gill@example.com
1879,michael.boyd.md@example.com
1880,jason.rodriguez@example.com
1881,lisa.zavala@example.com
1882,gregory.martin@example.com
1883,victor.brown@example.com
1884,jeffrey.thomas@example.com
1885,angela.lawrence@example.com
1886,michael.allen@example.com
1887,debbie.miranda@example.com
1888,sandra.rocha@example.com
1889,david.anderson@example.com
1890,derrick.hamilton@example.com
1891,dale.reilly@example.com
1892,joshua.valentine@example.com
1893,sandra.russell@example.com
1894,andrew.cameron@example.com
1895,angela.watson@example.com
1896,kayla.johnson@example.com
1897,matthew.harding@example.com
1898,brittany.mejia@example.com
1899,donald.sandoval@example.com
1900,hector.chambers@example.com
1901,ruben.ramos@example.com
1902,jason.jackson@example.com
1903,allen.moran@example.com
1904,tina.hernandez@example.com
1905,erin.ortiz@example.com
1906,scott.williams@example.com
1907,patrick.white@example.com
1908,timothy.stewart@example.com
1909,clinton.miller@example.com
1910,kristina.smith@example.com
1911,anita.wang@example.com
1912,matthew.deleon@example.com
1913,martin.whitaker@example.com
1914,elijah.jones@example.com
1915,charles.long@example.com
1916,david.adams@example.com
1917,kelly.howell@example.com
1918,dana.harris@example.com
1919,michael.porter@example.com
1920,tiffany.jefferson@example.com
1921,derrick.navarro@example.com
1922,natasha.harrington@example.com
1923,amy.barajas@example.com
1924,martin.king@example.com
1925,caroline.smith@example.com
1926,jennifer.martin@example.com
1927,rebecca.thompson@example.com
1928,michael.dickson@example.com
1929,albert.perkins@example.com
1930,james.patterson@example.com
1931,eric.baker@example.com
1932,carla.brooks@example.com
1933,emily.fuentes@example.com
1934,karen.navarro@example.com
1935,joshua.brown@example.com
1936,judith.davenport@example.com
1937,carrie.brooks@example.com
1938,pamela.taylor@example.com
1939,lauren.hunter@example.com
1940,ariana.turner@example.com
1941,robert.morris@example.com
1942,david.wood@example.com
1943,sandy.moreno@example.com
1944,jill.estrada@example.com
1945,richard.jones@example.com
1946,christopher.flynn@example.com
1947,rebekah.white@example.com
1948,grace.thompson@example.com
1949,shannon.hughes@example.com
1950,taylor.blair@example.com
1951,charles.braun@example.com
1952,jack.mccormick@example.com
1953,christina.gibson@example.com
1954,steven.conner@example.com
1955,brandon.baker@example.com
1956,nathan.franklin@example.com
1957,adam.barton@example.com
1958,jonathan.shaw@example.com
1959,alexis.green@example.com
1960,steven.lin@example.com
1961,spencer.wright@example.com
1962,casey.johnson@example.com
1963,brittany.taylor@example.com
1964,martin.leonard@example.com
1965,vincent.pope@example.com
1966,tony.hogan@example.com
1967,randy.potts@example.com
1968,shannon.osborne@example.com
1969,chad.watts@example.com
1970,jamie.warner@example.com
1971,dawn.valencia@example.com
1972,cynthia.wright@example.com
1973,stephanie.herrera@example.com
1974,melissa.wilson@example.com
1975,wesley.villegas@example.com
1976,bobby.friedman@example.com
1977,aaron.moreno@example.com
1978,tony.williams.dds@example.com
1979,nicole.johnson@example.com
1980,eric.mcmillan@example.com
1981,jeffery.sutton@example.com
1982,robert.zavala@example.com
1983,michael.oconnell@example.com
1984,steven.knight@example.com
1985,jocelyn.erickson@example.com
1986,mariah.curry@example.com
1987,michael.malone@example.com
1988,william.herrera@example.com
1989,monique.giles@example.com
1990,dennis.tran@example.com
1991,dana.deleon@example.com
1992,brandon.mathis@example.com
1993,janice.montgomery@example.com
1994,joshua.cruz@example.com
1995,nicole.evans@example.com
1996,stephanie.bradshaw@example.com
1997,jessica.mcdaniel@example.com
1998,kevin.bishop@example.com
1999,erin.morse@example.com
2000,brittney.zamora@example.com
2001,joseph.downs@example.com
2002,rachel.hull@example.com
2003,gary.white@example.com
2004,catherine.wells@example.com
2005,tiffany.reed@example.com
2006,aaron.stanley@example.com
2007,christopher.chapman@example.com
2008,melanie.kaufman@example.com
2009,eddie.delacruz@example.com
2010,sheila.taylor@example.com
2011,phillip.lopez@example.com
2012,dawn.cruz@example.com
2013,paul.quinn@example.com
2014,wendy.brennan@example.com
2015,richard.townsend@example.com
2016,robin.bush@example.com
2017,veronica.nelson@example.com
2018,chelsea.franklin@example.com
2019,charles.garza@example.com
2020,theresa.barker@example.com
2021,tristan.bell@example.com
2022,mary.thomas@example.com
2023,jonathan.arnold@example.com
2024,roger.smith@example.com
2025,angel.ball@example.com
2026,samantha.valentine@example.com
2027,joseph.shea@example.com
2028,anthony.clark@example.com
2029,gregory.holland@example.com
2030,james.phillips@example.com
2031,nicole.ward@example.com
2032,wendy.rodriguez@example.com
2033,christopher.wright@example.com
2034,alexis.dean@example.com
2035,emily.parker@example.com
2036,jeffrey.glass@example.com
2037,jonathan.richardson@example.com
2038,lauren.hinton@example.com
2039,michelle.porter.md@example.com
2040,kimberly.cochran@example.com
2041,christina.martinez@example.com
2042,barbara.luna@example.com
2043,tara.hernandez@example.com
2044,heather.barnes@example.com
2045,jeremy.bailey@example.com
2046,catherine.young@example.com
2047,rachel.mccarthy@example.com
2048,robert.donaldson@example.com
2049,andrew.jackson.dvm@example.com
2050,kelly.shaffer@example.com
2051,sharon.arnold@example.com
2052,natalie.clark@example.com
2053,teresa.ross@example.com
2054,mary.hopkins@example.com
2055,david.johnson@example.com
2056,mallory.jones@example.com
2057,brandon.peterson@example.com
2058,mariah.miller@example.com
2059,travis.murray@example.com
2060,steven.hernandez@example.com
2061,dr..maria.dominguez@example.com
2062,george.james@example.com
2063,dawn.obrien@example.com
2064,benjamin.estrada@example.com
2065,patricia.hardin@example.com
2066,tina.reynolds@example.com
2067,james.myers@example.com
2068,anthony.rodriguez@example.com
2069,jessica.heath@example.com
2070,cory.espinoza@example.com
2071,amber.stanton@example.com
2072,kathleen.warren@example.com
2073,jonathan.jones@example.com
2074,samantha.snow@example.com
2075,monica.rice@example.com
2076,michael.white@example.com
2077,maria.morrow@example.com
2078,william.castillo@example.com
2079,william.rodriguez@example.com
2080,lori.sandoval@example.com
2081,linda.peterson@example.com
2082,walter.harrison@example.com
2083,thomas.foster@example.com
2084,julie.kerr@example.com
2085,richard.brown@example.com
2086,jason.horton@example.com
2087,ashley.ortega@example.com
2088,gregory.gomez@example.com
2089,john.campbell@example.com
2090,crystal.haley@example.com
2091,tyler.ortiz@example.com
2092,calvin.thompson@example.com
2093,bethany.hansen@example.com
2094,vanessa.odonnell@example.com
2095,charles.shaw@example.com
2096,christopher.hess@example.com
2097,bradley.austin@example.com
2098,penny.hernandez@example.com
2099,victoria.young@example.com
2100,gregory.huffman@example.com
2101,samuel.owens@example.com
2102,robert.mann@example.com
2103,jasmine.gallagher@example.com
2104,christopher.hester@example.com
2105,kim.reyes@example.com
2106,laurie.aguilar@example.com
2107,amanda.clark@example.com
2108,sheila.riley@example.com
2109,lisa.kelly@example.com
2110,denise.jensen@example.com
2111,rose.powell@example.com
2112,sarah.burton@example.com
2113,jillian.mitchell@example.com
2114,jessica.valentine@example.com
2115,alison.stone@example.com
2116,joshua.harding@example.com
2117,kristine.gill.md@example.com
2118,kimberly.pierce@example.com
2119,carlos.greer@example.com
2120,angela.jones@example.com
2121,julia.kim@example.com
2122,glen.smith@example.com
2123,crystal.nguyen@example.com
2124,lisa.horton@example.com
2125,jill.lee@example.com
2126,jennifer.robertson@example.com
2127,william.moreno@example.com
2128,erica.murray@example.com
2129,james.liu@example.com
2130,dr..nathaniel.atkinson@example.com
2131,hannah.green@example.com
2132,stephanie.vargas@example.com
2133,ronnie.olson@example.com
2134,nancy.hernandez@example.com
2135,amanda.brady@example.com
2136,rebecca.king@example.com
2137,shari.delgado@example.com
2138,brenda.howell@example.com
2139,kevin.liu@example.com
2140,stephen.miller@example.com
2141,karla.banks@example.com
2142,megan.doyle@example.com
2143,michael.mathis@example.com
2144,mitchell.baker@example.com
2145,lauren.walker@example.com
2146,george.stafford@example.com
2147,alexandra.peters@example.com
2148,jeremiah.aguilar@example.com
2149,robert.mitchell@example.com
2150,julie.banks@example.com
2151,ian.campbell@example.com
2152,jason.hayes@example.com
2153,glenn.johnson@example.com
2154,daniel.fisher@example.com
2155,corey.foster@example.com
2156,diana.lewis@example.com
2157,emily.turner@example.com
2158,paul.alvarez@example.com
2159,jenny.carpenter@example.com
2160,adam.gross@example.com
2161,adam.young@example.com
2162,dustin.murphy@example.com
2163,perry.ruiz@example.com
2164,shane.cox@example.com
2165,margaret.hampton@example.com
2166,fernando.simpson@example.com
2167,herbert.patel@example.com
2168,peter.weaver@example.com
2169,deborah.noble@example.com
2170,cynthia.simpson@example.com
2171,cynthia.hamilton@example.com
2172,matthew.burns@example.com
2173,tiffany.carter@example.com
2174,timothy.jenkins@example.com
2175,tyler.ward@example.com
2176,chad.goodman@example.com
2177,daniel.holmes@example.com
2178,john.mcgee@example.com
2179,bethany.brewer@example.com
2180,maria.smith@example.com
2181,ronald.perez.dvm@example.com
2182,sarah.ellis@example.com
2183,christopher.osborne@example.com
2184,samuel.thomas@example.com
2185,karen.rivers@example.com
2186,catherine.chen@example.com
2187,dr..jennifer.sherman@example.com
2188,robin.knox@example.com
2189,molly.cooper@example.com
2190,mrs..chelsea.king@example.com
2191,robert.hensley@example.com
2192,eric.monroe@example.com
2193,melissa.estrada@example.com
2194,lisa.love@example.com
2195,lindsey.holder@example.com
2196,jason.cook@example.com
2197,erin.weaver@example.com
2198,samantha.cuevas@example.com
2199,abigail.maldonado@example.com
2200,james.taylor@example.com
2201,dustin.schroeder@example.com
2202,mark.hicks@example.com
2203,douglas.brown@example.com
2204,travis.heath@example.com
2205,lisa.smith@example.com
2206,shannon.cruz@example.com
2207,david.lynch@example.com
2208,carol.snyder@example.com
2209,kelli.marshall@example.com
2210,andrew.larson@example.com
2211,anne.jones@example.com
2212,philip.jimenez@example.com
2213,daniel.monroe@example.com
2214,jason.gray@example.com
2215,sharon.rivera@example.com
2216,tracy.huerta@example.com
2217,steven.rodriguez@example.com
2218,donna.knight@example.com
2219,melissa.holt@example.com
2220,destiny.michael@example.com
2221,erin.evans@example.com
2222,erin.rhodes@example.com
2223,courtney.hahn@example.com
2224,rick.hall@example.com
2225,meredith.dillon@example.com
2226,grace.taylor@example.com
2227,jose.burch@example.com
2228,susan.stevenson@example.com
2229,tanya.bates@example.com
2230,april.chang@example.com
2231,steven.may@example.com
2232,brian.henry@example.com
2233,brandy.miller@example.com
2234,deborah.merritt@example.com
2235,krista.cross@example.com
2236,james.nguyen@example.com
2237,sarah.rivera@example.com
2238,james.clayton@example.com
2239,helen.donaldson@example.com
2240,gary.martin@example.com
2241,bobby.bates@example.com
2242,sergio.poole@example.com
2243,tiffany.jones@example.com
2244,james.johnson@example.com
2245,pamela.allen@example.com
2246,rachel.lopez@example.com
2247,sandra.roberts@example.com
2248,jamie.ruiz@example.com
2249,michelle.allen@example.com
2250,emily.cruz@example.com
2251,elizabeth.mccann@example.com
2252,mitchell.wade@example.com
2253,jeffrey.kennedy@example.com
2254,nicole.mcintosh@example.com
2255,kendra.nelson@example.com
2256,maurice.campbell@example.com
2257,nicholas.robbins@example.com
2258,patrick.erickson@example.com
2259,mr..jonathan.mathews@example.com
2260,charles.douglas@example.com
2261,michael.morton@example.com
2262,jasmine.rodgers@example.com
2263,brandon.leach@example.com
2264,terrence.mays@example.com
2265,matthew.smith@example.com
2266,samantha.gregory@example.com
2267,maurice.bryant@example.com
2268,christina.fisher@example.com
2269,lisa.brady@example.com
2270,lisa.wilson@example.com
2271,valerie.santos@example.com
2272,belinda.lara@example.com
2273,wendy.contreras.dds@example.com
2274,michelle.nash@example.com
2275,matthew.wood@example.com
2276,alexis.cantrell@example.com
2277,david.aguilar@example.com
2278,robert.jordan@example.com
2279,joshua.duran@example.com
2280,danielle.livingston@example.com
2281,steven.wright@example.com
2282,marisa.skinner@example.com
2283,tara.rose@example.com
2284,pamela.bowman@example.com
2285,gina.williamson@example.com
2286,russell.miller@example.com
2287,denise.swanson@example.com
2288,michael.suarez@example.com
2289,amy.harris@example.com
2290,shannon.fletcher@example.com
2291,stephanie.padilla@example.com
2292,robert.drake@example.com
2293,patrick.smith@example.com
2294,nicholas.olson@example.com
2295,vincent.calhoun@example.com
2296,scott.graham@example.com
2297,nathaniel.green@example.com
2298,brandon.clark@example.com
2299,vanessa.velazquez@example.com
2300,amy.jacobs@example.com
2301,jill.jackson@example.com
2302,peter.preston@example.com
2303,jason.martin@example.com
2304,emily.ellis@example.com
2305,timothy.oconnell@example.com
2306,mindy.becker@example.com
2307,anthony.jones@example.com
2308,roy.wood@example.com
2309,larry.armstrong@example.com
2310,jeremy.diaz@example.com
2311,gregory.gross@example.com
2312,maria.hayes@example.com
2313,leslie.alexander@example.com
2314,catherine.martinez@example.com
2315,elizabeth.perez@example.com
2316,kimberly.bauer@example.com
2317,kimberly.phillips@example.com
2318,robert.gonzalez@example.com
2319,kenneth.woods@example.com
2320,adrian.steele@example.com
2321,clarence.tucker@example.com
2322,leah.davis@example.com
2323,dustin.martinez@example.com
2324,david.guerrero@example.com
2325,julie.mcclain@example.com
2326,angela.fields@example.com
2327,danielle.bridges@example.com
2328,stephanie.jones@example.com
2329,joshua.adkins@example.com
2330,tiffany.taylor@example.com
2331,mario.salinas@example.com
2332,christopher.moses@example.com
2333,allen.griffith@example.com
2334,james.sosa@example.com
2335,pamela.michael@example.com
2336,wesley.simmons@example.com
2337,joanne.anderson@example.com
2338,brett.nguyen@example.com
2339,joel.morris@example.com
2340,kimberly.rodriguez@example.com
2341,anthony.hill@example.com
2342,elizabeth.taylor@example.com
2343,lisa.henson@example.com
2344,terri.jackson@example.com
2345,jonathan.simmons@example.com
2346,kevin.hancock@example.com
2347,april.cunningham@example.com
2348,sandra.nichols@example.com
2349,julie.moreno@example.com
2350,craig.scott@example.com
2351,kimberly.west@example.com
2352,mary.wilson@example.com
2353,douglas.beard@example.com
2354,marissa.perez@example.com
2355,karen.livingston@example.com
2356,john.shepard@example.com
2357,stephanie.jimenez@example.com
2358,tracey.hawkins@example.com
2359,michael.duncan@example.com
2360,joseph.schaefer@example.com
2361,evan.baker@example.com
2362,stephanie.sandoval@example.com
2363,caroline.martin@example.com
2364,mr..jose.mejia.md@example.com
2365,melissa.bryan@example.com
2366,jack.mcdonald@example.com
2367,tiffany.diaz@example.com
2368,curtis.brown@example.com
2369,kimberly.hayes@example.com
2370,timothy.hall@example.com
2371,laura.williams@example.com
2372,elijah.parker@example.com
2373,megan.miller@example.com
2374,billy.burke@example.com
2375,miranda.newman@example.com
2376,ashley.warner@example.com
2377,brett.cox@example.com
2378,jeremy.stewart@example.com
2379,cassandra.bowman@example.com
2380,eric.anderson@example.com
2381,kristen.lewis@example.com
2382,paul.crawford@example.com
2383,donald.ball@example.com
2384,ashley.buchanan@example.com
2385,sarah.campbell@example.com
2386,tiffany.chan@example.com
2387,teresa.vargas@example.com
2388,corey.forbes@example.com
2389,alyssa.bishop@example.com
2390,leroy.rios.jr.@example.com
2391,amanda.moran@example.com
2392,crystal.vaughan@example.com
2393,marcus.zhang@example.com
2394,jeffery.guzman@example.com
2395,debra.johnson@example.com
2396,carrie.james@example.com
2397,jonathan.harris@example.com
2398,andrea.daniels@example.com
2399,eric.clark@example.com
2400,erika.howe@example.com
2401,cory.wade@example.com
2402,jorge.ware@example.com
2403,kevin.li@example.com
2404,karen.mcdonald@example.com
2405,dennis.baker@example.com
2406,joseph.chang@example.com
2407,erika.mills@example.com
2408,karen.howard@example.com
2409,toni.johnson@example.com
2410,kimberly.taylor@example.com
2411,danielle.peterson.dvm@example.com
2412,amy.clark@example.com
2413,shawn.morgan@example.com
2414,charles.black@example.com
2415,robert.blake@example.com
2416,connor.lane@example.com
2417,bradley.moreno@example.com
2418,victor.casey@example.com
2419,lisa.moses@example.com
2420,morgan.bowman@example.com
2421,jason.pena@example.com
2422,vicki.johnson@example.com
2423,jerry.pope@example.com
2424,miranda.bird@example.com
2425,erica.knight@example.com
2426,jessica.miller@example.com
2427,michael.smith@example.com
2428,eric.wade@example.com
2429,clayton.carroll@example.com
2430,stacey.davis@example.com
2431,adam.bird@example.com
2432,hailey.lindsey@example.com
2433,ernest.ferrell@example.com
2434,robert.lopez@example.com
2435,andrew.norman@example.com
2436,chase.rush@example.com
2437,albert.murphy@example.com
2438,molly.ramos@example.com
2439,martin.white@example.com
2440,emily.mann@example.com
2441,richard.scott@example.com
2442,brittany.chang@example.com
2443,suzanne.miller@example.com
2444,lisa.chavez@example.com
2445,russell.willis@example.com
2446,meghan.miller@example.com
2447,andrew.lopez@example.com
2448,tommy.buckley@example.com
2449,kelsey.patterson@example.com
2450,mark.montoya@example.com
2451,edward.walsh@example.com
2452,kristen.garza@example.com
2453,eric.douglas@example.com
2454,john.diaz@example.com
2455,brett.henderson@example.com
2456,jordan.mitchell@example.com
2457,tiffany.warner@example.com
2458,sean.williams@example.com
2459,autumn.jones@example.com
2460,joseph.ray@example.com
2461,jennifer.jensen@example.com
2462,russell.reed@example.com
2463,jeanne.lucas@example.com
2464,dr..christopher.choi@example.com
2465,amy.hendricks@example.com
2466,mrs..samantha.bean@example.com
2467,caitlin.wright@example.com
2468,anthony.shannon@example.com
2469,andrea.campos@example.com
2470,matthew.krueger@example.com
2471,anthony.robertson@example.com
2472,jesus.jackson@example.com
2473,gregory.martinez@example.com
2474,gregg.yang@example.com
2475,rebecca.duncan@example.com
2476,destiny.taylor@example.com
2477,joshua.edwards@example.com
2478,melissa.snow@example.com
2479,destiny.mccarthy@example.com
2480,richard.yang@example.com
2481,julie.snyder@example.com
2482,jacqueline.jackson.md@example.com
2483,daniel.washington@example.com
2484,deborah.love@example.com
2485,emily.molina@example.com
2486,sara.roth@example.com
2487,devin.kelley@example.com
2488,danielle.riddle@example.com
2489,jennifer.keller@example.com
2490,benjamin.price@example.com
2491,erica.parrish@example.com
2492,jessica.white@example.com
2493,yvette.gutierrez@example.com
2494,jay.nguyen@example.com
2495,jeffrey.graham@example.com
2496,leslie.erickson@example.com
2497,eileen.stewart@example.com
2498,heather.hernandez@example.com
2499,alyssa.lewis@example.com
2500,matthew.snyder.jr.@example.com
2501,sarah.ramos@example.com
2502,david.reilly.jr.@example.com
2503,lisa.tucker@example.com
2504,jennifer.winters@example.com
2505,devon.vincent@example.com
2506,jennifer.bennett@example.com
2507,tiffany.spencer.md@example.com
2508,richard.castillo@example.com
2509,cheryl.thompson@example.com
2510,donna.collins@example.com
2511,craig.johnston@example.com
2512,tracey.turner@example.com
2513,matthew.black@example.com
2514,amy.valentine@example.com
2515,stephanie.kennedy@example.com
2516,ricardo.bailey@example.com
2517,susan.evans@example.com
2518,jane.davis@example.com
2519,angela.murphy@example.com
2520,lisa.moore@example.com
2521,sharon.cruz@example.com
2522,sabrina.nichols@example.com
2523,christopher.green@example.com
2524,bill.singh@example.com
2525,richard.taylor@example.com
2526,kristen.thomas@example.com
2527,crystal.wong@example.com
2528,debbie.spencer@example.com
2529,dalton.fisher@example.com
2530,gerald.becker@example.com
2531,james.terry@example.com
2532,david.carr@example.com
2533,jasmine.johnston@example.com
2534,rachel.henderson@example.com
2535,amanda.carter@example.com
2536,nancy.frost@example.com
2537,teresa.hale@example.com
2538,debra.howard@example.com
2539,christopher.chavez@example.com
2540,kelly.huerta@example.com
2541,kyle.smith@example.com
2542,diana.powell@example.com
2543,deanna.baker@example.com
2544,jennifer.simmons@example.com
2545,kimberly.daniel@example.com
2546,timothy.davis@example.com
2547,elizabeth.burch@example.com
2548,gina.villegas@example.com
2549,deanna.mitchell@example.com
2550,parker.kirby@example.com
2551,ruben.mccall@example.com
2552,william.carlson@example.com
2553,christopher.thomas@example.com
2554,brian.garcia@example.com
2555,lynn.gonzales@example.com
2556,alicia.atkins@example.com
2557,tamara.chapman@example.com
2558,amber.silva@example.com
2559,katelyn.schultz@example.com
2560,sarah.smith@example.com
2561,marissa.shah@example.com
2562,renee.romero@example.com
2563,robert.duran@example.com
2564,stephen.davis@example.com
2565,audrey.jackson@example.com
2566,michael.pitts@example.com
2567,jackson.johns@example.com
2568,jordan.perez@example.com
2569,susan.may@example.com
2570,anthony.rivas@example.com
2571,john.rivera@example.com
2572,felicia.daniels@example.com
2573,amanda.duarte@example.com
2574,kristen.roberson@example.com
2575,micheal.williams@example.com
2576,brandi.solomon@example.com
2577,kenneth.thompson@example.com
2578,susan.hernandez@example.com
2579,susan.dudley@example.com
2580,aaron.doyle@example.com
2581,jonathan.stokes@example.com
2582,amy.andrews@example.com
2583,fred.robinson@example.com
2584,tiffany.rodriguez@example.com
2585,sharon.jones@example.com
2586,andrew.jones@example.com
2587,robyn.delacruz@example.com
2588,karen.johnson@example.com
2589,michele.campbell@example.com
2590,amanda.cooper@example.com
2591,sarah.rowland@example.com
2592,anne.hernandez@example.com
2593,joseph.holland@example.com
2594,nicole.page@example.com
2595,patrick.graves@example.com
2596,christopher.garcia@example.com
2597,douglas.townsend@example.com
2598,kimberly.davis@example.com
2599,destiny.myers@example.com
2600,tracy.sullivan@example.com
2601,sabrina.hubbard@example.com
2602,jose.perez.iv@example.com
2603,rodney.taylor@example.com
2604,matthew.ramos@example.com
2605,mary.robinson@example.com
2606,christina.jacobs@example.com
2607,robin.atkins@example.com
2608,john.black@example.com
2609,mr..sean.robinson.jr.@example.com
2610,christopher.miranda@example.com
2611,eileen.harrison@example.com
2612,david.lee@example.com
2613,ivan.collier@example.com
2614,dennis.martinez@example.com
2615,timothy.gutierrez@example.com
2616,carrie.love@example.com
2617,nicole.williams@example.com
2618,renee.lewis@example.com
2619,katie.contreras@example.com
2620,troy.morales@example.com
2621,paula.diaz@example.com
2622,pamela.smith@example.com
2623,ronald.flores@example.com
2624,robin.cohen.dds@example.com
2625,david.curry@example.com
2626,joshua.galloway@example.com
2627,danielle.davis@example.com
2628,cynthia.buck@example.com
2629,chad.dixon@example.com
2630,benjamin.morris@example.com
2631,andrea.curtis@example.com
2632,raymond.castillo@example.com
2633,lindsey.garner@example.com
2634,jessica.hale@example.com
2635,laura.lloyd@example.com
2636,cory.lloyd@example.com
2637,donna.martinez@example.com
2638,jennifer.english@example.com
2639,dawn.cardenas@example.com
2640,kayla.thomas@example.com
2641,ashley.brooks@example.com
2642,angela.townsend@example.com
2643,vickie.potts@example.com
2644,shawn.lewis@example.com
2645,stephen.rodriguez@example.com
2646,ricardo.romero@example.com
2647,mark.fox@example.com
2648,terry.rios@example.com
2649,jacqueline.morrison@example.com
2650,timothy.maxwell@example.com
2651,tracy.patel@example.com
2652,brittney.davies@example.com
2653,brendan.baird@example.com
2654,kelly.anderson@example.com
2655,timothy.wolfe@example.com
2656,shelby.gilmore@example.com
2657,jennifer.yang@example.com
2658,stephen.jones@example.com
2659,william.moran@example.com
2660,elizabeth.garrison@example.com
2661,jason.franklin@example.com
2662,rita.ramirez@example.com
2663,christine.jones@example.com
2664,monique.smith@example.com
2665,linda.benson@example.com
2666,ronald.smith@example.com
2667,nancy.townsend@example.com
2668,larry.obrien@example.com
2669,pamela.ryan@example.com
2670,thomas.simpson@example.com
2671,adrian.brown@example.com
2672,jay.rivera@example.com
2673,dr..john.coleman.md@example.com
2674,eric.martinez@example.com
2675,nicole.morgan@example.com
2676,richard.black@example.com
2677,paige.greene@example.com
2678,gail.holloway@example.com
2679,brandon.robinson@example.com
2680,lisa.miller@example.com
2681,elizabeth.wang@example.com
2682,keith.flowers@example.com
2683,taylor.cooper.phd@example.com
2684,harold.anderson@example.com
2685,christopher.miller@example.com
2686,rachael.woods@example.com
2687,catherine.mathews@example.com
2688,morgan.walter@example.com
2689,charles.le@example.com
2690,greg.wu@example.com
2691,carolyn.page@example.com
2692,kevin.boyd@example.com
2693,charles.young@example.com
2694,richard.watson@example.com
2695,tammy.howell@example.com
2696,miguel.jenkins@example.com
2697,james.stark@example.com
2698,john.nixon@example.com
2699,troy.mccarty@example.com
2700,gwendolyn.clark@example.com
2701,lauren.rodriguez@example.com
2702,jacob.mack@example.com
2703,aaron.taylor.dds@example.com
2704,amanda.marsh@example.com
2705,dr..richard.doyle@example.com
2706,john.garrett@example.com
2707,raven.parrish@example.com
2708,martin.castillo@example.com
2709,chris.smith@example.com
2710,douglas.allen@example.com
2711,brenda.peterson.dvm@example.com
2712,benjamin.choi@example.com
2713,dustin.anderson@example.com
2714,michelle.peterson@example.com
2715,virginia.bailey@example.com
2716,stefanie.lopez@example.com
2717,benjamin.sanders@example.com
2718,david.pierce@example.com
2719,tammy.zavala@example.com
2720,gina.murray@example.com
2721,david.davis@example.com
2722,mark.torres@example.com
2723,mr..jeremy.martin@example.com
2724,joshua.montoya@example.com
2725,brandon.johnson@example.com
2726,robert.kim@example.com
2727,jason.lee@example.com
2728,janice.davis@example.com
2729,stacey.wilson@example.com
2730,patricia.hale@example.com
2731,kevin.brennan@example.com
2732,kristen.harvey@example.com
2733,donald.brown@example.com
2734,allison.mooney@example.com
2735,ann.johnson@example.com
2736,kevin.pham@example.com
2737,david.lawson@example.com
2738,stacey.garcia@example.com
2739,monica.turner@example.com
2740,andrew.graham@example.com
2741,samantha.kim@example.com
2742,elizabeth.wagner@example.com
2743,marc.lambert@example.com
2744,cassie.wong@example.com
2745,penny.munoz@example.com
2746,erica.merritt@example.com
2747,christine.roberts.dds@example.com
2748,amy.franklin@example.com
2749,charles.nguyen@example.com
2750,paula.estes@example.com
2751,lorraine.adams@example.com
2752,julie.reed.md@example.com
2753,john.gillespie@example.com
2754,michelle.chandler@example.com
2755,emma.aguirre@example.com
2756,mr..andrew.alvarez.md@example.com
2757,nicholas.valdez@example.com
2758,devin.evans@example.com
2759,melvin.castillo@example.com
2760,theodore.martin@example.com
2761,richard.bird@example.com
2762,maria.cummings@example.com
2763,erica.chang@example.com
2764,alicia.ritter.dds@example.com
2765,janet.miller@example.com
2766,jessica.williams@example.com
2767,bryan.odom@example.com
2768,dana.weaver@example.com
2769,grace.brewer@example.com
2770,alison.schultz@example.com
2771,jamie.reese@example.com
2772,shane.mercer@example.com
2773,jill.lewis@example.com
2774,jeffery.white@example.com
2775,jennifer.stevens@example.com
2776,dr..matthew.sanchez.dvm@example.com
2777,richard.simmons@example.com
2778,april.watson@example.com
2779,heather.stewart@example.com
2780,lynn.gutierrez@example.com
2781,dr..edward.porter.jr.@example.com
2782,kurt.carter.dds@example.com
2783,mrs..autumn.oneal@example.com
2784,matthew.berry@example.com
2785,susan.richards@example.com
2786,shannon.bridges@example.com
2787,kristen.martinez@example.com
2788,kenneth.chen@example.com
2789,ryan.allen@example.com
2790,karen.owens@example.com
2791,nicole.murphy@example.com
2792,russell.adams@example.com
2793,kathleen.holland@example.com
2794,ronald.hudson@example.com
2795,scott.dennis@example.com
2796,barry.johnson@example.com
2797,kimberly.gonzalez@example.com
2798,pamela.howard@example.com
2799,karen.deleon@example.com
2800,paul.summers@example.com
2801,mark.gomez@example.com
2802,ashlee.jacobs@example.com
2803,jason.ward@example.com
2804,patricia.erickson@example.com
2805,ashley.keller@example.com
2806,david.franklin@example.com
2807,carol.wood@example.com
2808,catherine.prince@example.com
2809,anna.scott@example.com
2810,mr..michael.hurst@example.com
2811,christopher.johnson@example.com
2812,dylan.tanner@example.com
2813,terry.lowe@example.com
2814,rachel.jones@example.com
2815,janice.smith@example.com
2816,william.kaiser@example.com
2817,james.wise@example.com
2818,marie.walker@example.com
2819,jason.taylor@example.com
2820,peter.stuart@example.com
2821,john.cox@example.com
2822,heather.smith@example.com
2823,stephanie.page@example.com
2824,stanley.simpson@example.com
2825,nicole.wolfe@example.com
2826,luke.lam@example.com
2827,daniel.leblanc@example.com
2828,jessica.harris@example.com
2829,bryan.greer@example.com
2830,benjamin.green@example.com
2831,rebecca.cox@example.com
2832,hannah.collins@example.com
2833,mr..alexander.hunt@example.com
2834,brian.elliott@example.com
2835,elizabeth.marshall@example.com
2836,seth.joseph@example.com
2837,gary.oconnell@example.com
2838,david.contreras@example.com
2839,christian.freeman@example.com
2840,cassandra.gilbert@example.com
2841,charles.herman@example.com
2842,lisa.wood@example.com
2843,peter.berger@example.com
2844,anna.hayes@example.com
2845,elizabeth.johnson@example.com
2846,guy.mitchell@example.com
2847,juan.huffman@example.com
2848,daniel.wood@example.com
2849,andrew.levine@example.com
2850,amanda.kim@example.com
2851,leah.wright@example.com
2852,paul.velazquez@example.com
2853,angela.bell@example.com
2854,stephanie.mccormick@example.com
2855,heidi.smith@example.com
2856,erica.tran@example.com
2857,rodney.freeman@example.com
2858,mr..ryan.valentine@example.com
2859,erica.collins@example.com
2860,austin.mooney@example.com
2861,diana.bennett@example.com
2862,joseph.rodriguez@example.com
2863,stacy.mercado@example.com
2864,kristi.adams@example.com
2865,francisco.conway@example.com
2866,joseph.arnold@example.com
2867,john.perez.md@example.com
2868,patricia.obrien@example.com
2869,edward.melton@example.com
2870,bailey.ibarra@example.com
2871,natalie.pearson@example.com
2872,joanna.gentry@example.com
2873,amanda.patel@example.com
2874,clinton.howard@example.com
2875,keith.welch@example.com
2876,megan.becker@example.com
2877,kevin.clark@example.com
2878,nicholas.harrington@example.com
2879,alexander.smith@example.com
2880,jason.hughes@example.com
2881,erica.conrad@example.com
2882,monique.bradford@example.com
2883,tammy.valdez@example.com
2884,ryan.soto@example.com
2885,nicole.dennis@example.com
2886,nathan.rogers@example.com
2887,jacob.friedman@example.com
2888,jared.gibbs@example.com
2889,cassandra.montoya@example.com
2890,arthur.conley@example.com
2891,mike.frederick@example.com
2892,matthew.george@example.com
2893,lauren.phillips@example.com
2894,willie.schroeder@example.com
2895,deborah.cordova@example.com
2896,patricia.snyder@example.com
2897,eric.sheppard@example.com
2898,judy.black@example.com
2899,michael.deleon@example.com
2900,elizabeth.guzman@example.com
2901,kimberly.hernandez@example.com
2902,kelly.richards@example.com
2903,bryan.hardy@example.com
2904,sarah.hart@example.com
2905,katelyn.sellers@example.com
2906,christine.cohen@example.com
2907,scott.nielsen@example.com
2908,paul.huffman@example.com
2909,paul.peterson@example.com
2910,jennifer.wall@example.com
2911,tonya.wagner@example.com
2912,kayla.pham@example.com
2913,miranda.carter@example.com
2914,mary.obrien@example.com
2915,sarah.daniels@example.com
2916,william.nichols@example.com
2917,william.parrish@example.com
2918,brittany.smith@example.com
2919,christopher.lawrence@example.com
2920,stephen.grimes@example.com
2921,jonathan.young@example.com
2922,morgan.joseph@example.com
2923,alison.hill@example.com
2924,lauren.arellano@example.com
2925,nicole.garcia@example.com
2926,melissa.taylor@example.com
2927,wendy.hunter@example.com
2928,peter.cortez@example.com
2929,mary.mann@example.com
2930,julie.douglas@example.com
2931,erin.perez@example.com
2932,cindy.evans@example.com
2933,jeremy.hodge@example.com
2934,michelle.chavez@example.com
2935,terry.ross@example.com
2936,jordan.mcdaniel@example.com
2937,heather.park@example.com
2938,sandra.mcguire@example.com
2939,daniel.alexander@example.com
2940,joseph.castillo@example.com
2941,francis.jones@example.com
2942,maxwell.stewart@example.com
2943,deanna.lynch@example.com
2944,frances.terry@example.com
2945,bradley.clark@example.com
2946,clayton.snow@example.com
2947,ana.aguilar@example.com
2948,laura.walton@example.com
2949,renee.davis@example.com
2950,tiffany.singleton@example.com
2951,amy.kennedy@example.com
2952,jared.lee@example.com
2953,debra.rice@example.com
2954,edward.dunn@example.com
2955,brenda.romero@example.com
2956,anthony.james@example.com
2957,gabrielle.watson@example.com
2958,ronald.downs@example.com
2959,william.vasquez@example.com
2960,kelly.hoffman@example.com
2961,spencer.page@example.com
2962,terry.sutton@example.com
2963,kelsey.barker@example.com
2964,christopher.norris@example.com
2965,brittany.henderson@example.com
2966,tim.medina@example.com
2967,ms..donna.nguyen@example.com
2968,stacie.miranda@example.com
2969,heather.reynolds@example.com
2970,ashley.clark@example.com
2971,julia.mills@example.com
2972,veronica.white@example.com
2973,scott.lopez@example.com
2974,jennifer.torres@example.com
2975,rebecca.jefferson@example.com
2976,nathan.neal@example.com
2977,timothy.greene@example.com
2978,jeff.mcdonald@example.com
2979,bryan.kirk@example.com
2980,jacob.clark@example.com
2981,miranda.terry@example.com
2982,brittney.carter@example.com
2983,todd.zavala@example.com
2984,mrs..shelley.lang@example.com
2985,theresa.dickson@example.com
2986,willie.coleman@example.com
2987,dawn.wallace@example.com
2988,tiffany.wheeler@example.com
2989,nathaniel.ward@example.com
2990,anna.thompson@example.com
2991,raymond.cox@example.com
2992,regina.henderson.dds@example.com
2993,elijah.jackson@example.com
2994,alexandra.willis@example.com
2995,eric.torres@example.com
2996,kelli.solis@example.com
2997,valerie.sparks@example.com
2998,albert.sullivan@example.com
2999,kathryn.alvarez@example.com
3000,james.jones@example.com
3001,alyssa.vega@example.com
3002,renee.holland@example.com
3003,michelle.wilkinson@example.com
3004,misty.jones@example.com
3005,kelly.king@example.com
3006,diane.olsen@example.com
3007,joshua.zamora@example.com
3008,lee.farrell@example.com
3009,kirsten.armstrong@example.com
3010,george.davis@example.com
3011,daniel.hall@example.com
3012,james.powell@example.com
3013,kimberly.sanchez@example.com
3014,jennifer.wyatt@example.com
3015,stephanie.barnes@example.com
3016,david.kennedy@example.com
3017,christina.mueller@example.com
3018,lauren.howard@example.com
3019,ruth.aguirre@example.com
3020,joseph.ibarra@example.com
3021,angel.white@example.com
3022,henry.jones@example.com
3023,lisa.murphy@example.com
3024,charles.lewis@example.com
3025,jackson.spencer@example.com
3026,tina.barnes@example.com
3027,caleb.brown@example.com
3028,lawrence.lopez@example.com
3029,patricia.cortez@example.com
3030,andrew.munoz@example.com
3031,maurice.wong@example.com
3032,stephen.evans@example.com
3033,victoria.robinson@example.com
3034,laura.smith@example.com
3035,melissa.harris@example.com
3036,kristen.bowman@example.com
3037,corey.aguilar@example.com
3038,bethany.davis@example.com
3039,brandy.moore@example.com
3040,teresa.choi@example.com
3041,jessica.quinn@example.com
3042,joe.smith@example.com
3043,tracey.jones@example.com
3044,jessica.romero@example.com
3045,jimmy.shaw@example.com
3046,victoria.moore@example.com
3047,tiffany.cunningham@example.com
3048,jonathan.torres@example.com
3049,sherry.aguilar@example.com
3050,christine.hartman@example.com
3051,kelly.sutton@example.com
3052,tammy.newton@example.com
3053,evan.caldwell@example.com
3054,darrell.lewis@example.com
3055,zachary.byrd@example.com
3056,katherine.king@example.com
3057,michael.gregory@example.com
3058,lauren.ward@example.com
3059,christopher.small@example.com
3060,cassandra.howard@example.com
3061,michaela.wolf@example.com
3062,vicki.castro@example.com
3063,jamie.lee@example.com
3064,austin.bowman@example.com
3065,cheryl.bailey@example.com
3066,amanda.adams@example.com
3067,sheila.campbell@example.com
3068,wesley.curry@example.com
3069,ashley.martin@example.com
3070,trevor.webb@example.com
3071,kyle.hernandez@example.com
3072,dawn.faulkner@example.com
3073,bradley.mills@example.com
3074,tony.flores@example.com
3075,bryan.burnett@example.com
3076,gina.woodward@example.com
3077,sean.johnson@example.com
3078,kayla.anderson@example.com
3079,brian.evans@example.com
3080,matthew.flores@example.com
3081,karina.padilla@example.com
3082,jesus.wright@example.com
3083,glenn.nichols@example.com
3084,gary.mcintosh@example.com
3085,angela.vasquez@example.com
3086,shawn.brady@example.com
3087,jason.williams@example.com
3088,cynthia.hart@example.com
3089,frank.stanley@example.com
3090,mr..nicholas.gill.dds@example.com
3091,jon.griffith@example.com
3092,amanda.stephens@example.com
3093,shannon.mcmahon@example.com
3094,aaron.aguirre@example.com
3095,donna.davis@example.com
3096,anne.warner@example.com
3097,diane.roy@example.com
3098,carolyn.montgomery@example.com
3099,jessica.brandt@example.com
3100,kimberly.miller@example.com
3101,patricia.price@example.com
3102,samantha.thompson@example.com
3103,jacob.levine@example.com
3104,gwendolyn.barber@example.com
3105,dana.smith@example.com
3106,kenneth.garcia@example.com
3107,cheryl.warner@example.com
3108,justin.wilson@example.com
3109,valerie.parrish.md@example.com
3110,bryan.macdonald@example.com
3111,aaron.melendez@example.com
3112,sandra.mcgrath@example.com
3113,debbie.hughes@example.com
3114,martin.lopez@example.com
3115,elizabeth.whitehead@example.com
3116,jamie.martinez@example.com
3117,tracy.mckinney@example.com
3118,nicholas.reynolds@example.com
3119,maria.west@example.com
3120,aaron.giles@example.com
3121,lisa.gutierrez@example.com
3122,donald.jones@example.com
3123,peggy.conner@example.com
3124,tyler.dunn@example.com
3125,monique.johnson@example.com
3126,ryan.powers@example.com
3127,laura.hawkins@example.com
3128,colleen.williams@example.com
3129,heather.coleman@example.com
3130,alexandra.cruz@example.com
3131,bethany.lee@example.com
3132,bridget.sullivan@example.com
3133,adam.diaz@example.com
3134,maurice.jenkins@example.com
3135,melinda.glover@example.com
3136,jasmine.durham@example.com
3137,thomas.vasquez@example.com
3138,thomas.schwartz@example.com
3139,beth.chavez@example.com
3140,brandi.kline@example.com
3141,jamie.li@example.com
3142,angela.dixon@example.com
3143,anna.padilla@example.com
3144,victoria.giles@example.com
3145,timothy.mueller@example.com
3146,taylor.williams@example.com
3147,cassandra.hernandez@example.com
3148,michelle.cortez@example.com
3149,victor.long@example.com
3150,cassidy.johnson@example.com
3151,andre.fowler@example.com
3152,jennifer.pittman@example.com
3153,jeanette.atkinson@example.com
3154,kenneth.snow@example.com
3155,megan.sims@example.com
3156,cynthia.hall@example.com
3157,anna.robertson@example.com
3158,alec.durham@example.com
3159,tim.morris@example.com
3160,marissa.hansen@example.com
3161,ashley.carrillo.md@example.com
3162,matthew.roberts@example.com
3163,brandon.bailey@example.com
3164,brenda.smith@example.com
3165,alejandra.stanley@example.com
3166,gina.gallegos@example.com
3167,mary.cole@example.com
3168,ms..allison.fields@example.com
3169,patricia.goodman@example.com
3170,anthony.fowler@example.com
3171,allison.cohen@example.com
3172,franklin.johnson@example.com
3173,pam.contreras@example.com
3174,john.noble@example.com
3175,kenneth.powell@example.com
3176,molly.cummings@example.com
3177,stacey.harper@example.com
3178,katie.long@example.com
3179,misty.baker@example.com
3180,nancy.villarreal@example.com
3181,jessica.webb@example.com
3182,karen.simmons@example.com
3183,thomas.morrow@example.com
3184,kelly.sparks@example.com
3185,monique.alvarez@example.com
3186,jacob.jones@example.com
3187,claudia.owen@example.com
3188,kim.smith@example.com
3189,eduardo.day@example.com
3190,timothy.russell@example.com
3191,nicole.rogers@example.com
3192,brenda.ramirez@example.com
3193,sherry.brown@example.com
3194,maria.taylor@example.com
3195,kimberly.waters@example.com
3196,jerry.farrell@example.com
3197,jacqueline.shah@example.com
3198,warren.chavez@example.com
3199,michael.castro@example.com
3200,mary.tran@example.com
3201,mr..wayne.koch@example.com
3202,cheryl.mcdaniel@example.com
3203,hannah.harmon@example.com
3204,omar.carroll@example.com
3205,nathan.kirby@example.com
3206,christina.gonzales@example.com
3207,samuel.smith@example.com
3208,erik.marshall@example.com
3209,mrs..katherine.baker@example.com
3210,lauren.baldwin@example.com
3211,jonathan.mclean@example.com
3212,christina.thompson@example.com
3213,betty.romero@example.com
3214,vincent.thomas@example.com
3215,dustin.stanley@example.com
3216,brenda.dalton@example.com
3217,thomas.nguyen@example.com
3218,marie.cannon@example.com
3219,brandy.brown@example.com
3220,matthew.torres@example.com
